log_ts,ble_mac,device_mac,ble_rssi
"2023-05-19 11:00:07",00:1b:66:1b:1c:b7,E0:5A:1B:A0:1E:88,-84
"2023-05-19 11:00:07",00:4a:88:d0:57:a7,E0:5A:1B:A0:37:D8,-79
"2023-05-19 11:00:07",00:c3:c4:ed:23:1e,E0:5A:1B:A0:3D:C8,-74
"2023-05-19 11:00:07",01:4b:e2:74:3e:ce,E0:5A:1B:A0:3D:C8,-85
"2023-05-19 11:00:16",02:42:49:06:7e:19,CC:50:E3:A8:D9:6C,-77
"2023-05-19 11:00:06",02:42:49:06:7e:19,E0:5A:1B:A0:38:C0,-84
"2023-05-19 11:00:16",02:dc:f0:48:4e:42,CC:50:E3:A8:D9:6C,-83
"2023-05-19 11:00:02",03:55:1d:10:05:4a,CC:50:E3:A8:F3:00,-79
"2023-05-19 11:00:07",03:55:1d:10:05:4a,E0:5A:1B:A0:2A:28,-80
"2023-05-19 11:00:11",03:68:d1:11:9c:53,E0:5A:1B:A0:1F:D0,-84
"2023-05-19 11:00:06",03:68:d1:11:9c:53,E0:5A:1B:A0:51:9C,-83
"2023-05-19 11:00:07",03:d0:8e:9d:9b:65,E0:5A:1B:A0:37:D8,-83
"2023-05-19 11:00:06",03:d0:8e:9d:9b:65,E0:5A:1B:A0:40:F8,-73
"2023-05-19 11:00:07",04:08:0a:ba:c7:7c,E0:5A:1B:A0:37:D8,-81
"2023-05-19 11:00:06",04:08:0a:ba:c7:7c,E0:5A:1B:A0:40:F8,-61
"2023-05-19 11:00:06",04:08:0a:ba:c7:7c,E0:5A:1B:A0:51:9C,-81
"2023-05-19 11:00:07",04:19:7b:42:9d:ba,E0:5A:1B:A0:3D:C8,-79
"2023-05-19 11:00:07",05:81:00:44:6d:39,E0:5A:1B:A0:1E:88,-83
"2023-05-19 11:00:06",05:b5:54:b1:b2:e4,E0:5A:1B:A0:38:C0,-83
"2023-05-19 11:00:07",05:b5:54:b1:b2:e4,E0:5A:1B:A0:3D:C8,-81
"2023-05-19 11:00:20",06:50:e6:43:b6:4d,3C:71:BF:63:83:28,-79
"2023-05-19 11:00:02",06:50:e6:43:b6:4d,CC:50:E3:A8:F3:00,-85
"2023-05-19 11:00:08",06:50:e6:43:b6:4d,E0:5A:1B:A0:4C:84,-81
"2023-05-19 11:00:20",06:c7:31:cd:87:fb,3C:71:BF:63:83:28,-71
"2023-05-19 11:00:08",06:c7:31:cd:87:fb,E0:5A:1B:A0:4C:84,-76
"2023-05-19 11:00:07",07:66:4a:d9:54:5c,E0:5A:1B:A0:2A:28,-79
"2023-05-19 11:00:07",08:f8:3b:56:cc:ea,E0:5A:1B:A0:1E:88,-83
"2023-05-19 11:00:02",0a:6d:5f:2c:91:0e,CC:50:E3:A8:F3:00,-82
"2023-05-19 11:00:08",0a:6d:5f:2c:91:0e,E0:5A:1B:A0:4C:84,-80
"2023-05-19 11:00:07",0c:4e:32:e5:7a:e6,E0:5A:1B:A0:1E:88,-83
"2023-05-19 11:00:15",0c:56:7e:f2:20:bb,E0:5A:1B:A0:2F:B8,-82
"2023-05-19 11:00:06",0c:56:7e:f2:20:bb,E0:5A:1B:A0:40:F8,-84
"2023-05-19 11:00:06",0c:56:7e:f2:20:bb,E0:5A:1B:A0:51:9C,-80
"2023-05-19 11:00:07",0c:a4:41:6b:02:0d,E0:5A:1B:A0:37:D8,-77
"2023-05-19 11:00:07",0c:a9:4e:9d:39:5c,E0:5A:1B:A0:1E:88,-83
"2023-05-19 11:00:08",0d:46:b1:08:63:4d,E0:5A:1B:A0:4C:84,-71
"2023-05-19 11:00:07",0d:ac:c5:10:c9:51,E0:5A:1B:A0:1E:88,-85
"2023-05-19 11:00:20",0e:46:60:76:90:41,3C:71:BF:63:83:28,-72
"2023-05-19 11:00:08",0e:46:60:76:90:41,E0:5A:1B:A0:4C:84,-84
"2023-05-19 11:00:07",0e:93:89:e9:f7:ac,E0:5A:1B:A0:3D:C8,-82
"2023-05-19 11:00:02",0e:f0:5e:49:5e:d4,CC:50:E3:A8:F3:00,-76
"2023-05-19 11:00:08",0e:f0:5e:49:5e:d4,E0:5A:1B:A0:4C:84,-76
"2023-05-19 11:00:07",10:5d:4a:b2:2c:0c,E0:5A:1B:A0:37:D8,-74
"2023-05-19 11:00:15",10:b1:ac:d8:7e:28,E0:5A:1B:A0:2F:B8,-79
"2023-05-19 11:00:02",11:3f:d3:32:1a:1a,CC:50:E3:A8:F3:00,-84
"2023-05-19 11:00:20",12:63:e3:fe:91:4a,3C:71:BF:63:83:28,-85
"2023-05-19 11:00:02",12:63:e3:fe:91:4a,CC:50:E3:A8:F3:00,-80
"2023-05-19 11:00:08",12:63:e3:fe:91:4a,E0:5A:1B:A0:4C:84,-80
"2023-05-19 11:00:02",13:b7:43:5d:14:d3,CC:50:E3:A8:F3:00,-82
"2023-05-19 11:00:06",13:b8:63:56:55:b4,3C:71:BF:62:C2:B8,-81
"2023-05-19 11:00:02",13:b8:63:56:55:b4,CC:50:E3:A8:F3:00,-81
"2023-05-19 11:00:07",13:b8:63:56:55:b4,E0:5A:1B:A0:2A:28,-79
"2023-05-19 11:00:06",17:dc:44:d5:b0:8e,E0:5A:1B:A0:1A:C0,-85
"2023-05-19 11:00:16",1a:06:5e:1f:2b:6d,CC:50:E3:A8:D9:6C,-84
"2023-05-19 11:00:06",1a:06:5e:1f:2b:6d,E0:5A:1B:A0:38:C0,-78
"2023-05-19 11:00:02",1a:31:1e:4a:4c:53,CC:50:E3:A8:F3:00,-76
"2023-05-19 11:00:08",1a:31:1e:4a:4c:53,E0:5A:1B:A0:4C:84,-85
"2023-05-19 11:00:16",1c:7e:1b:b2:82:b1,CC:50:E3:A8:D9:6C,-84
"2023-05-19 11:00:06",1c:7e:1b:b2:82:b1,E0:5A:1B:A0:38:C0,-78
"2023-05-19 11:00:20",1c:d2:72:ea:98:2f,3C:71:BF:63:83:28,-77
"2023-05-19 11:00:08",1c:d2:72:ea:98:2f,E0:5A:1B:A0:4C:84,-85
"2023-05-19 11:00:07",1f:ef:e6:84:c0:d9,E0:5A:1B:A0:37:D8,-82
"2023-05-19 11:00:08",20:4b:ff:ad:a1:ea,E0:5A:1B:A0:4C:84,-82
"2023-05-19 11:00:20",21:06:03:85:b3:f6,3C:71:BF:63:83:28,-85
"2023-05-19 11:00:02",21:06:03:85:b3:f6,CC:50:E3:A8:F3:00,-80
"2023-05-19 11:00:08",21:06:03:85:b3:f6,E0:5A:1B:A0:4C:84,-81
"2023-05-19 11:00:06",22:36:27:4a:b4:90,3C:71:BF:62:C2:B8,-78
"2023-05-19 11:00:07",22:36:27:4a:b4:90,E0:5A:1B:A0:2A:28,-79
"2023-05-19 11:00:11",22:74:47:1d:92:15,E0:5A:1B:A0:1F:D0,-83
"2023-05-19 11:00:07",22:83:f7:04:9a:bf,E0:5A:1B:A0:37:D8,-81
"2023-05-19 11:00:07",23:13:6a:ab:4e:0e,E0:5A:1B:A0:3D:C8,-71
"2023-05-19 11:00:02",23:b8:74:2e:66:fb,CC:50:E3:A8:F3:00,-83
"2023-05-19 11:00:08",23:b8:74:2e:66:fb,E0:5A:1B:A0:4C:84,-81
"2023-05-19 11:00:20",24:39:ea:f8:1d:cd,3C:71:BF:63:83:28,-81
"2023-05-19 11:00:08",24:39:ea:f8:1d:cd,E0:5A:1B:A0:4C:84,-72
"2023-05-19 11:00:06",24:eb:47:5e:c6:31,3C:71:BF:62:C2:B8,-73
"2023-05-19 11:00:07",24:eb:47:5e:c6:31,E0:5A:1B:A0:2A:28,-84
"2023-05-19 11:00:08",25:7a:6f:c4:de:5d,E0:5A:1B:A0:4C:84,-81
"2023-05-19 11:00:02",28:57:5a:a3:fa:8e,CC:50:E3:A8:F3:00,-85
"2023-05-19 11:00:08",28:57:5a:a3:fa:8e,E0:5A:1B:A0:4C:84,-85
"2023-05-19 11:00:07",28:70:1b:9f:1a:3a,E0:5A:1B:A0:3D:C8,-85
"2023-05-19 11:00:02",28:7c:ab:47:2d:62,CC:50:E3:A8:F3:00,-80
"2023-05-19 11:00:07",28:7c:ab:47:2d:62,E0:5A:1B:A0:2A:28,-85
"2023-05-19 11:00:08",28:7c:ab:47:2d:62,E0:5A:1B:A0:4C:84,-80
"2023-05-19 11:00:20",28:9d:b7:2a:8c:c3,3C:71:BF:63:83:28,-69
"2023-05-19 11:00:08",28:9d:b7:2a:8c:c3,E0:5A:1B:A0:4C:84,-80
"2023-05-19 11:00:06",2a:27:cd:00:9b:4d,3C:71:BF:62:C2:B8,-83
"2023-05-19 11:00:02",2a:27:cd:00:9b:4d,CC:50:E3:A8:F3:00,-85
"2023-05-19 11:00:07",2a:27:cd:00:9b:4d,E0:5A:1B:A0:2A:28,-81
"2023-05-19 11:00:06",2b:ff:2e:a7:d2:7e,E0:5A:1B:A0:38:C0,-82
"2023-05-19 11:00:02",2c:3f:ad:73:b4:65,CC:50:E3:A8:F3:00,-80
"2023-05-19 11:00:08",2c:3f:ad:73:b4:65,E0:5A:1B:A0:4C:84,-82
"2023-05-19 11:00:02",2e:f9:4b:79:b0:71,CC:50:E3:A8:F3:00,-83
"2023-05-19 11:00:02",2f:05:b5:d6:60:25,CC:50:E3:A8:F3:00,-76
"2023-05-19 11:00:08",2f:05:b5:d6:60:25,E0:5A:1B:A0:4C:84,-78
"2023-05-19 11:00:20",2f:56:87:8f:56:5d,3C:71:BF:63:83:28,-80
"2023-05-19 11:00:02",2f:56:87:8f:56:5d,CC:50:E3:A8:F3:00,-79
"2023-05-19 11:00:10",2f:76:b5:c4:e2:28,E0:5A:1B:A0:57:0C,-82
"2023-05-19 11:00:20",30:ec:1e:a4:cc:28,3C:71:BF:63:83:28,-84
"2023-05-19 11:00:20",31:39:19:6f:6a:e5,3C:71:BF:63:83:28,-84
"2023-05-19 11:00:02",31:39:19:6f:6a:e5,CC:50:E3:A8:F3:00,-80
"2023-05-19 11:00:08",31:39:19:6f:6a:e5,E0:5A:1B:A0:4C:84,-71
"2023-05-19 11:00:16",31:49:6f:6e:82:de,CC:50:E3:A8:D9:6C,-83
"2023-05-19 11:00:06",31:49:6f:6e:82:de,E0:5A:1B:A0:38:C0,-82
"2023-05-19 11:00:07",32:25:94:f1:f7:be,E0:5A:1B:A0:3D:C8,-78
"2023-05-19 11:00:20",32:2e:a4:37:f3:a7,3C:71:BF:63:83:28,-78
"2023-05-19 11:00:16",32:a2:a2:8f:05:93,CC:50:E3:A8:D9:6C,-85
"2023-05-19 11:00:06",32:a2:a2:8f:05:93,E0:5A:1B:A0:38:C0,-83
"2023-05-19 11:00:20",33:d0:f4:81:f2:10,3C:71:BF:63:83:28,-79
"2023-05-19 11:00:08",33:d0:f4:81:f2:10,E0:5A:1B:A0:4C:84,-84
"2023-05-19 11:00:02",34:31:10:68:be:9b,CC:50:E3:A8:F3:00,-84
"2023-05-19 11:00:07",34:31:10:68:be:9b,E0:5A:1B:A0:2A:28,-74
"2023-05-19 11:00:02",34:42:fc:9a:b6:a5,CC:50:E3:A8:F3:00,-83
"2023-05-19 11:00:07",34:42:fc:9a:b6:a5,E0:5A:1B:A0:2A:28,-73
"2023-05-19 11:00:07",34:fa:bc:18:4f:68,E0:5A:1B:A0:37:D8,-76
"2023-05-19 11:00:06",34:fa:bc:18:4f:68,E0:5A:1B:A0:40:F8,-63
"2023-05-19 11:00:02",35:5b:7f:93:7e:06,CC:50:E3:A8:F3:00,-84
"2023-05-19 11:00:08",35:5b:7f:93:7e:06,E0:5A:1B:A0:4C:84,-84
"2023-05-19 11:00:20",36:1d:35:bc:3b:13,3C:71:BF:63:83:28,-84
"2023-05-19 11:00:08",36:1d:35:bc:3b:13,E0:5A:1B:A0:4C:84,-81
"2023-05-19 11:00:20",36:2b:f3:87:4a:d2,3C:71:BF:63:83:28,-83
"2023-05-19 11:00:02",36:2b:f3:87:4a:d2,CC:50:E3:A8:F3:00,-85
"2023-05-19 11:00:08",36:2b:f3:87:4a:d2,E0:5A:1B:A0:4C:84,-84
"2023-05-19 11:00:02",36:ac:f5:2f:6a:08,CC:50:E3:A8:F3:00,-68
"2023-05-19 11:00:08",36:ac:f5:2f:6a:08,E0:5A:1B:A0:4C:84,-83
"2023-05-19 11:00:11",37:73:4e:6d:46:89,E0:5A:1B:A0:1F:D0,-78
"2023-05-19 11:00:07",37:88:25:56:f4:52,E0:5A:1B:A0:37:D8,-69
"2023-05-19 11:00:06",37:88:25:56:f4:52,E0:5A:1B:A0:40:F8,-83
"2023-05-19 11:00:08",38:18:4c:03:55:73,E0:5A:1B:A0:4C:84,-76
"2023-05-19 11:00:02",38:45:05:1e:76:d8,CC:50:E3:A8:F3:00,-77
"2023-05-19 11:00:08",38:45:05:1e:76:d8,E0:5A:1B:A0:4C:84,-82
"2023-05-19 11:00:07",38:f9:d3:73:c6:90,E0:5A:1B:A0:37:D8,-69
"2023-05-19 11:00:06",38:f9:d3:73:c6:90,E0:5A:1B:A0:40:F8,-82
"2023-05-19 11:00:06",3a:21:c2:fd:c5:26,3C:71:BF:62:C2:B8,-84
"2023-05-19 11:00:02",3a:21:c2:fd:c5:26,CC:50:E3:A8:F3:00,-72
"2023-05-19 11:00:07",3a:21:c2:fd:c5:26,E0:5A:1B:A0:2A:28,-83
"2023-05-19 11:00:08",3a:21:c2:fd:c5:26,E0:5A:1B:A0:4C:84,-84
"2023-05-19 11:00:06",3b:52:05:af:ed:e4,E0:5A:1B:A0:40:F8,-84
"2023-05-19 11:00:06",3b:52:05:af:ed:e4,E0:5A:1B:A0:51:9C,-76
"2023-05-19 11:00:08",3c:c9:37:ac:63:0b,E0:5A:1B:A0:4C:84,-60
"2023-05-19 11:00:07",3c:fa:a5:e0:fa:02,E0:5A:1B:A0:37:D8,-73
"2023-05-19 11:00:06",3c:fa:a5:e0:fa:02,E0:5A:1B:A0:40:F8,-84
"2023-05-19 11:00:06",3e:22:e9:fd:2c:fc,3C:71:BF:62:C2:B8,-82
"2023-05-19 11:00:02",3e:22:e9:fd:2c:fc,CC:50:E3:A8:F3:00,-71
"2023-05-19 11:00:07",3e:22:e9:fd:2c:fc,E0:5A:1B:A0:2A:28,-78
"2023-05-19 11:00:08",3e:22:e9:fd:2c:fc,E0:5A:1B:A0:4C:84,-82
"2023-05-19 11:00:02",40:3a:63:d4:70:66,CC:50:E3:A8:F3:00,-80
"2023-05-19 11:00:07",40:3a:63:d4:70:66,E0:5A:1B:A0:2A:28,-79
"2023-05-19 11:00:07",40:55:6f:e6:96:a1,E0:5A:1B:A0:1E:88,-83
"2023-05-19 11:00:20",41:15:9d:8f:05:6f,3C:71:BF:63:83:28,-85
"2023-05-19 11:00:20",41:1b:59:fe:fa:b7,3C:71:BF:63:83:28,-69
"2023-05-19 11:00:02",41:1b:59:fe:fa:b7,CC:50:E3:A8:F3:00,-84
"2023-05-19 11:00:08",41:1b:59:fe:fa:b7,E0:5A:1B:A0:4C:84,-75
"2023-05-19 11:00:07",41:6d:91:ca:94:f6,E0:5A:1B:A0:1E:88,-84
"2023-05-19 11:00:10",41:d9:19:29:8d:2f,E0:5A:1B:A0:57:0C,-73
"2023-05-19 11:00:20",42:21:77:49:28:8c,3C:71:BF:63:83:28,-85
"2023-05-19 11:00:08",42:21:77:49:28:8c,E0:5A:1B:A0:4C:84,-73
"2023-05-19 11:00:07",42:2f:ff:b0:79:15,E0:5A:1B:A0:2A:28,-84
"2023-05-19 11:00:16",42:48:57:d0:99:c5,CC:50:E3:A8:D9:6C,-80
"2023-05-19 11:00:06",42:48:57:d0:99:c5,E0:5A:1B:A0:38:C0,-83
"2023-05-19 11:00:20",42:85:e6:19:9d:5d,3C:71:BF:63:83:28,-83
"2023-05-19 11:00:15",42:86:3e:dd:7d:0d,E0:5A:1B:A0:2F:B8,-74
"2023-05-19 11:00:07",42:9b:8e:4b:fa:ba,E0:5A:1B:A0:2A:28,-81
"2023-05-19 11:00:02",42:de:b2:ee:c1:df,CC:50:E3:A8:F3:00,-80
"2023-05-19 11:00:07",42:de:b2:ee:c1:df,E0:5A:1B:A0:2A:28,-77
"2023-05-19 11:00:10",43:30:05:dc:8b:32,E0:5A:1B:A0:57:0C,-76
"2023-05-19 11:00:06",43:60:3e:b3:b8:fd,E0:5A:1B:A0:38:C0,-83
"2023-05-19 11:00:02",43:69:79:1b:f2:a8,CC:50:E3:A8:F3:00,-69
"2023-05-19 11:00:07",43:69:79:1b:f2:a8,E0:5A:1B:A0:2A:28,-85
"2023-05-19 11:00:08",43:69:79:1b:f2:a8,E0:5A:1B:A0:4C:84,-83
"2023-05-19 11:00:16",43:99:35:5f:58:c6,CC:50:E3:A8:D9:6C,-84
"2023-05-19 11:00:07",43:99:35:5f:58:c6,E0:5A:1B:A0:3D:C8,-82
"2023-05-19 11:00:07",43:cd:63:01:d2:6f,E0:5A:1B:A0:37:D8,-76
"2023-05-19 11:00:06",43:cd:63:01:d2:6f,E0:5A:1B:A0:40:F8,-63
"2023-05-19 11:00:07",44:19:96:89:98:23,E0:5A:1B:A0:2A:28,-83
"2023-05-19 11:00:11",44:5c:e9:e6:e0:e7,E0:5A:1B:A0:1F:D0,-78
"2023-05-19 11:00:02",44:9a:3b:c7:a4:78,CC:50:E3:A8:F3:00,-73
"2023-05-19 11:00:20",44:b2:d8:75:d0:37,3C:71:BF:63:83:28,-72
"2023-05-19 11:00:02",44:b2:d8:75:d0:37,CC:50:E3:A8:F3:00,-75
"2023-05-19 11:00:08",44:b2:d8:75:d0:37,E0:5A:1B:A0:4C:84,-76
"2023-05-19 11:00:07",44:b8:29:ca:a4:e5,E0:5A:1B:A0:1E:88,-83
"2023-05-19 11:00:07",44:c4:cf:d8:b3:e2,E0:5A:1B:A0:37:D8,-68
"2023-05-19 11:00:20",44:e8:bf:c0:4a:07,3C:71:BF:63:83:28,-67
"2023-05-19 11:00:08",44:e8:bf:c0:4a:07,E0:5A:1B:A0:4C:84,-84
"2023-05-19 11:00:06",44:f1:cc:13:18:2e,3C:71:BF:62:C2:B8,-85
"2023-05-19 11:00:07",44:f1:cc:13:18:2e,E0:5A:1B:A0:2A:28,-79
"2023-05-19 11:00:06",45:11:69:08:40:90,E0:5A:1B:A0:38:C0,-83
"2023-05-19 11:00:07",45:11:69:08:40:90,E0:5A:1B:A0:3D:C8,-84
"2023-05-19 11:00:10",45:20:85:d0:87:35,E0:5A:1B:A0:57:0C,-72
"2023-05-19 11:00:07",45:2a:f7:e7:e9:27,E0:5A:1B:A0:1E:88,-83
"2023-05-19 11:00:20",45:40:0b:38:5a:8f,3C:71:BF:63:83:28,-77
"2023-05-19 11:00:06",45:44:74:54:fe:9c,3C:71:BF:62:C2:B8,-84
"2023-05-19 11:00:20",45:44:74:54:fe:9c,3C:71:BF:63:83:28,-84
"2023-05-19 11:00:02",45:44:74:54:fe:9c,CC:50:E3:A8:F3:00,-72
"2023-05-19 11:00:07",45:44:74:54:fe:9c,E0:5A:1B:A0:2A:28,-78
"2023-05-19 11:00:07",45:83:77:d2:04:e2,E0:5A:1B:A0:2A:28,-85
"2023-05-19 11:00:02",45:c5:bd:d7:a6:22,CC:50:E3:A8:F3:00,-85
"2023-05-19 11:00:07",45:cc:e5:41:d9:0b,E0:5A:1B:A0:1E:88,-81
"2023-05-19 11:00:02",45:d5:d0:53:4b:d4,CC:50:E3:A8:F3:00,-83
"2023-05-19 11:00:08",45:d5:d0:53:4b:d4,E0:5A:1B:A0:4C:84,-79
"2023-05-19 11:00:16",45:d7:86:b6:ab:ed,CC:50:E3:A8:D9:6C,-84
"2023-05-19 11:00:06",45:d7:86:b6:ab:ed,E0:5A:1B:A0:38:C0,-79
"2023-05-19 11:00:07",45:d7:86:b6:ab:ed,E0:5A:1B:A0:3D:C8,-85
"2023-05-19 11:00:16",45:e3:c2:40:3d:48,CC:50:E3:A8:D9:6C,-79
"2023-05-19 11:00:06",45:e3:c2:40:3d:48,E0:5A:1B:A0:38:C0,-83
"2023-05-19 11:00:07",45:e3:c2:40:3d:48,E0:5A:1B:A0:3D:C8,-85
"2023-05-19 11:00:07",45:ed:71:7a:f7:e9,E0:5A:1B:A0:37:D8,-81
"2023-05-19 11:00:06",45:ed:71:7a:f7:e9,E0:5A:1B:A0:40:F8,-72
"2023-05-19 11:00:06",45:ed:71:7a:f7:e9,E0:5A:1B:A0:51:9C,-84
"2023-05-19 11:00:08",46:49:80:72:bc:f5,E0:5A:1B:A0:4C:84,-85
"2023-05-19 11:00:02",46:55:6c:d3:48:e8,CC:50:E3:A8:F3:00,-79
"2023-05-19 11:00:16",46:9d:b3:1b:42:6e,CC:50:E3:A8:D9:6C,-79
"2023-05-19 11:00:07",46:d5:75:ce:1c:57,E0:5A:1B:A0:3D:C8,-76
"2023-05-19 11:00:10",46:f3:b2:9b:9e:2f,E0:5A:1B:A0:57:0C,-84
"2023-05-19 11:00:02",47:33:4a:37:bb:c2,CC:50:E3:A8:F3:00,-82
"2023-05-19 11:00:08",47:33:4a:37:bb:c2,E0:5A:1B:A0:4C:84,-82
"2023-05-19 11:00:20",47:34:e2:94:e1:e1,3C:71:BF:63:83:28,-84
"2023-05-19 11:00:08",47:34:e2:94:e1:e1,E0:5A:1B:A0:4C:84,-82
"2023-05-19 11:00:07",47:77:b7:19:5e:c1,E0:5A:1B:A0:1E:88,-80
"2023-05-19 11:00:06",47:c8:75:82:ef:a8,80:7D:3A:BC:C6:30,-85
"2023-05-19 11:00:06",47:c8:75:82:ef:a8,A4:CF:12:43:6A:A0,-79
"2023-05-19 11:00:10",47:c8:75:82:ef:a8,E0:5A:1B:A0:57:0C,-81
"2023-05-19 11:00:02",47:f9:b0:c8:4c:4f,CC:50:E3:A8:F3:00,-76
"2023-05-19 11:00:20",48:72:2f:56:c6:fd,3C:71:BF:63:83:28,-75
"2023-05-19 11:00:02",48:72:2f:56:c6:fd,CC:50:E3:A8:F3:00,-81
"2023-05-19 11:00:08",48:72:2f:56:c6:fd,E0:5A:1B:A0:4C:84,-82
"2023-05-19 11:00:06",48:91:6f:1b:9d:38,E0:5A:1B:A0:1A:C0,-85
"2023-05-19 11:00:02",48:95:de:54:66:84,CC:50:E3:A8:F3:00,-83
"2023-05-19 11:00:07",48:95:de:54:66:84,E0:5A:1B:A0:2A:28,-83
"2023-05-19 11:00:02",48:cb:cc:92:19:6a,CC:50:E3:A8:F3:00,-79
"2023-05-19 11:00:08",48:cb:cc:92:19:6a,E0:5A:1B:A0:4C:84,-84
"2023-05-19 11:00:02",49:14:b7:a0:0b:34,CC:50:E3:A8:F3:00,-74
"2023-05-19 11:00:08",49:41:28:46:46:1b,E0:5A:1B:A0:4C:84,-81
"2023-05-19 11:00:06",49:81:8d:eb:50:7a,3C:71:BF:62:C2:B8,-76
"2023-05-19 11:00:20",49:81:8d:eb:50:7a,3C:71:BF:63:83:28,-85
"2023-05-19 11:00:02",49:81:8d:eb:50:7a,CC:50:E3:A8:F3:00,-79
"2023-05-19 11:00:07",49:81:8d:eb:50:7a,E0:5A:1B:A0:2A:28,-77
"2023-05-19 11:00:20",49:84:ad:f9:3b:82,3C:71:BF:63:83:28,-70
"2023-05-19 11:00:02",49:a0:16:62:ef:90,CC:50:E3:A8:F3:00,-83
"2023-05-19 11:00:07",49:a0:16:62:ef:90,E0:5A:1B:A0:2A:28,-71
"2023-05-19 11:00:02",49:e8:ba:61:62:72,CC:50:E3:A8:F3:00,-70
"2023-05-19 11:00:07",49:e8:ba:61:62:72,E0:5A:1B:A0:2A:28,-80
"2023-05-19 11:00:07",4a:14:81:79:74:53,E0:5A:1B:A0:37:D8,-68
"2023-05-19 11:00:10",4a:31:60:fa:f1:59,E0:5A:1B:A0:57:0C,-82
"2023-05-19 11:00:02",4a:4f:54:15:cf:ae,CC:50:E3:A8:F3:00,-80
"2023-05-19 11:00:07",4a:4f:54:15:cf:ae,E0:5A:1B:A0:2A:28,-81
"2023-05-19 11:00:20",4a:6b:72:26:e4:61,3C:71:BF:63:83:28,-84
"2023-05-19 11:00:02",4a:6b:72:26:e4:61,CC:50:E3:A8:F3:00,-82
"2023-05-19 11:00:08",4a:6b:72:26:e4:61,E0:5A:1B:A0:4C:84,-71
"2023-05-19 11:00:02",4a:c4:08:a5:96:7b,CC:50:E3:A8:F3:00,-78
"2023-05-19 11:00:07",4a:d3:60:f7:20:2a,E0:5A:1B:A0:37:D8,-83
"2023-05-19 11:00:02",4b:47:5c:27:40:54,CC:50:E3:A8:F3:00,-83
"2023-05-19 11:00:06",4b:5b:b6:59:72:b4,3C:71:BF:62:C2:B8,-81
"2023-05-19 11:00:02",4b:5b:b6:59:72:b4,CC:50:E3:A8:F3:00,-69
"2023-05-19 11:00:07",4b:5b:b6:59:72:b4,E0:5A:1B:A0:2A:28,-82
"2023-05-19 11:00:07",4b:97:36:9a:61:a5,E0:5A:1B:A0:3D:C8,-70
"2023-05-19 11:00:07",4b:a1:db:e9:3c:49,E0:5A:1B:A0:3D:C8,-84
"2023-05-19 11:00:10",4c:28:c4:8a:70:76,E0:5A:1B:A0:57:0C,-79
"2023-05-19 11:00:20",4c:31:3f:c2:72:07,3C:71:BF:63:83:28,-83
"2023-05-19 11:00:08",4c:31:3f:c2:72:07,E0:5A:1B:A0:4C:84,-85
"2023-05-19 11:00:02",4c:68:f8:44:49:0d,CC:50:E3:A8:F3:00,-83
"2023-05-19 11:00:08",4c:68:f8:44:49:0d,E0:5A:1B:A0:4C:84,-76
"2023-05-19 11:00:07",4c:74:40:d5:00:7b,E0:5A:1B:A0:37:D8,-84
"2023-05-19 11:00:06",4c:74:40:d5:00:7b,E0:5A:1B:A0:40:F8,-78
"2023-05-19 11:00:06",4c:74:40:d5:00:7b,E0:5A:1B:A0:51:9C,-83
"2023-05-19 11:00:15",4c:7f:6c:00:26:05,E0:5A:1B:A0:2F:B8,-85
"2023-05-19 11:00:07",4c:86:c1:a0:2d:94,E0:5A:1B:A0:37:D8,-73
"2023-05-19 11:00:06",4c:88:96:2c:0f:24,E0:5A:1B:A0:38:C0,-79
"2023-05-19 11:00:20",4c:a1:3a:7d:e9:dc,3C:71:BF:63:83:28,-82
"2023-05-19 11:00:02",4c:a1:3a:7d:e9:dc,CC:50:E3:A8:F3:00,-83
"2023-05-19 11:00:08",4c:a1:3a:7d:e9:dc,E0:5A:1B:A0:4C:84,-80
"2023-05-19 11:00:11",4c:c9:5e:09:01:3b,E0:5A:1B:A0:1F:D0,-77
"2023-05-19 11:00:11",4c:c9:5e:09:01:73,E0:5A:1B:A0:1F:D0,-79
"2023-05-19 11:00:10",4d:41:0c:ae:fd:41,E0:5A:1B:A0:57:0C,-78
"2023-05-19 11:00:15",4d:7f:1c:d6:99:44,E0:5A:1B:A0:2F:B8,-71
"2023-05-19 11:00:10",4d:c8:f3:56:df:c4,E0:5A:1B:A0:57:0C,-80
"2023-05-19 11:00:06",4d:e5:bf:fd:43:f0,3C:71:BF:62:C2:B8,-84
"2023-05-19 11:00:02",4e:21:43:2d:05:a5,CC:50:E3:A8:F3:00,-73
"2023-05-19 11:00:08",4e:21:43:2d:05:a5,E0:5A:1B:A0:4C:84,-81
"2023-05-19 11:00:10",4e:3b:a7:87:25:92,E0:5A:1B:A0:57:0C,-76
"2023-05-19 11:00:02",4e:66:a1:22:99:96,CC:50:E3:A8:F3:00,-79
"2023-05-19 11:00:07",4e:66:a1:22:99:96,E0:5A:1B:A0:2A:28,-78
"2023-05-19 11:00:10",4e:80:47:53:91:38,E0:5A:1B:A0:57:0C,-77
"2023-05-19 11:00:02",4f:62:86:d3:91:6c,CC:50:E3:A8:F3:00,-79
"2023-05-19 11:00:06",4f:74:79:9c:e8:0e,3C:71:BF:62:C2:B8,-78
"2023-05-19 11:00:06",4f:74:79:9c:e8:0e,80:7D:3A:BC:C6:30,-80
"2023-05-19 11:00:07",4f:74:79:9c:e8:0e,E0:5A:1B:A0:1E:88,-81
"2023-05-19 11:00:16",4f:c3:dd:08:91:57,CC:50:E3:A8:D9:6C,-81
"2023-05-19 11:00:06",4f:c3:dd:08:91:57,E0:5A:1B:A0:38:C0,-68
"2023-05-19 11:00:02",50:02:09:9b:c1:c1,CC:50:E3:A8:F3:00,-84
"2023-05-19 11:00:07",50:57:e0:2b:e5:a5,E0:5A:1B:A0:37:D8,-76
"2023-05-19 11:00:06",50:57:e0:2b:e5:a5,E0:5A:1B:A0:40:F8,-68
"2023-05-19 11:00:06",50:57:e0:2b:e5:a5,E0:5A:1B:A0:51:9C,-81
"2023-05-19 11:00:20",50:96:af:2a:fb:9c,3C:71:BF:63:83:28,-66
"2023-05-19 11:00:08",50:96:af:2a:fb:9c,E0:5A:1B:A0:4C:84,-78
"2023-05-19 11:00:10",50:cf:e5:d0:cb:99,E0:5A:1B:A0:57:0C,-80
"2023-05-19 11:00:20",50:d8:bd:13:e0:f8,3C:71:BF:63:83:28,-79
"2023-05-19 11:00:08",50:d8:bd:13:e0:f8,E0:5A:1B:A0:4C:84,-67
"2023-05-19 11:00:06",51:4d:83:01:37:53,E0:5A:1B:A0:1A:C0,-85
"2023-05-19 11:00:02",51:bc:e3:7d:68:ad,CC:50:E3:A8:F3:00,-78
"2023-05-19 11:00:08",51:bc:e3:7d:68:ad,E0:5A:1B:A0:4C:84,-85
"2023-05-19 11:00:07",51:ea:20:86:12:9d,E0:5A:1B:A0:1E:88,-83
"2023-05-19 11:00:16",52:17:2c:9d:40:47,CC:50:E3:A8:D9:6C,-77
"2023-05-19 11:00:06",52:17:2c:9d:40:47,E0:5A:1B:A0:38:C0,-82
"2023-05-19 11:00:06",52:30:6d:71:d1:36,3C:71:BF:62:C2:B8,-79
"2023-05-19 11:00:02",52:30:6d:71:d1:36,CC:50:E3:A8:F3:00,-84
"2023-05-19 11:00:07",52:30:6d:71:d1:36,E0:5A:1B:A0:2A:28,-81
"2023-05-19 11:00:02",52:73:6f:14:02:37,CC:50:E3:A8:F3:00,-80
"2023-05-19 11:00:07",52:73:6f:14:02:37,E0:5A:1B:A0:2A:28,-84
"2023-05-19 11:00:02",52:74:4a:d4:39:72,CC:50:E3:A8:F3:00,-83
"2023-05-19 11:00:08",52:74:4a:d4:39:72,E0:5A:1B:A0:4C:84,-85
"2023-05-19 11:00:02",52:a1:5a:87:bb:8e,CC:50:E3:A8:F3:00,-75
"2023-05-19 11:00:07",52:a1:5a:87:bb:8e,E0:5A:1B:A0:2A:28,-74
"2023-05-19 11:00:06",52:c4:d3:e2:bd:dd,3C:71:BF:62:C2:B8,-73
"2023-05-19 11:00:02",52:c4:d3:e2:bd:dd,CC:50:E3:A8:F3:00,-85
"2023-05-19 11:00:07",52:c4:d3:e2:bd:dd,E0:5A:1B:A0:2A:28,-82
"2023-05-19 11:00:20",53:15:00:5c:c3:84,3C:71:BF:63:83:28,-73
"2023-05-19 11:00:02",53:15:00:5c:c3:84,CC:50:E3:A8:F3:00,-83
"2023-05-19 11:00:08",53:15:00:5c:c3:84,E0:5A:1B:A0:4C:84,-80
"2023-05-19 11:00:20",53:2a:3d:c6:ca:17,3C:71:BF:63:83:28,-78
"2023-05-19 11:00:07",53:5a:e1:87:4b:65,E0:5A:1B:A0:37:D8,-61
"2023-05-19 11:00:06",53:5a:e1:87:4b:65,E0:5A:1B:A0:40:F8,-84
"2023-05-19 11:00:07",53:88:eb:d9:32:43,E0:5A:1B:A0:37:D8,-79
"2023-05-19 11:00:07",53:d8:37:39:d1:17,E0:5A:1B:A0:37:D8,-79
"2023-05-19 11:00:06",54:3a:fb:d8:f5:1a,E0:5A:1B:A0:38:C0,-81
"2023-05-19 11:00:20",54:3f:71:50:81:d2,3C:71:BF:63:83:28,-77
"2023-05-19 11:00:20",54:ae:bc:86:28:96,3C:71:BF:63:83:28,-79
"2023-05-19 11:00:20",54:f6:ab:4f:c7:0a,3C:71:BF:63:83:28,-83
"2023-05-19 11:00:02",54:f6:ab:4f:c7:0a,CC:50:E3:A8:F3:00,-66
"2023-05-19 11:00:07",54:f6:ab:4f:c7:0a,E0:5A:1B:A0:2A:28,-83
"2023-05-19 11:00:20",55:13:04:58:7e:6d,3C:71:BF:63:83:28,-76
"2023-05-19 11:00:02",55:13:04:58:7e:6d,CC:50:E3:A8:F3:00,-81
"2023-05-19 11:00:08",55:13:04:58:7e:6d,E0:5A:1B:A0:4C:84,-70
"2023-05-19 11:00:16",55:45:aa:e6:78:d9,CC:50:E3:A8:D9:6C,-83
"2023-05-19 11:00:06",55:45:aa:e6:78:d9,E0:5A:1B:A0:38:C0,-76
"2023-05-19 11:00:16",55:ae:94:85:0a:52,CC:50:E3:A8:D9:6C,-79
"2023-05-19 11:00:06",55:ae:94:85:0a:52,E0:5A:1B:A0:38:C0,-71
"2023-05-19 11:00:08",56:0c:da:cb:70:e7,E0:5A:1B:A0:4C:84,-66
"2023-05-19 11:00:06",56:b6:00:52:a7:0c,3C:71:BF:62:C2:B8,-85
"2023-05-19 11:00:02",56:b6:00:52:a7:0c,CC:50:E3:A8:F3:00,-73
"2023-05-19 11:00:07",56:eb:71:0a:2f:5e,E0:5A:1B:A0:1E:88,-82
"2023-05-19 11:00:16",57:57:bc:ed:40:0a,CC:50:E3:A8:D9:6C,-83
"2023-05-19 11:00:06",57:57:bc:ed:40:0a,E0:5A:1B:A0:38:C0,-81
"2023-05-19 11:00:07",57:57:bc:ed:40:0a,E0:5A:1B:A0:3D:C8,-84
"2023-05-19 11:00:15",57:81:4a:46:ff:81,E0:5A:1B:A0:2F:B8,-66
"2023-05-19 11:00:06",57:81:4a:46:ff:81,E0:5A:1B:A0:51:9C,-84
"2023-05-19 11:00:06",57:c6:42:c4:7b:e4,A4:CF:12:43:6A:A0,-85
"2023-05-19 11:00:10",57:c6:42:c4:7b:e4,E0:5A:1B:A0:57:0C,-75
"2023-05-19 11:00:07",57:e7:63:90:8f:2a,E0:5A:1B:A0:3D:C8,-71
"2023-05-19 11:00:02",58:8c:db:87:77:dc,CC:50:E3:A8:F3:00,-80
"2023-05-19 11:00:08",58:8c:db:87:77:dc,E0:5A:1B:A0:4C:84,-79
"2023-05-19 11:00:06",58:9e:d2:1a:21:59,3C:71:BF:62:C2:B8,-81
"2023-05-19 11:00:06",58:9e:d2:1a:21:59,80:7D:3A:BC:C6:30,-82
"2023-05-19 11:00:06",58:9e:d2:1a:21:59,A4:CF:12:43:6A:A0,-82
"2023-05-19 11:00:07",58:9e:d2:1a:21:59,E0:5A:1B:A0:1E:88,-80
"2023-05-19 11:00:07",58:df:88:a4:53:ca,E0:5A:1B:A0:2A:28,-79
"2023-05-19 11:00:07",58:e5:de:d2:ae:44,E0:5A:1B:A0:37:D8,-74
"2023-05-19 11:00:15",59:00:75:b7:8d:eb,E0:5A:1B:A0:2F:B8,-81
"2023-05-19 11:00:06",59:00:75:b7:8d:eb,E0:5A:1B:A0:40:F8,-85
"2023-05-19 11:00:06",59:00:75:b7:8d:eb,E0:5A:1B:A0:51:9C,-79
"2023-05-19 11:00:07",59:1c:43:6a:ee:db,E0:5A:1B:A0:37:D8,-78
"2023-05-19 11:00:16",59:38:fa:56:45:72,CC:50:E3:A8:D9:6C,-83
"2023-05-19 11:00:07",59:7b:9a:7e:5c:40,E0:5A:1B:A0:37:D8,-77
"2023-05-19 11:00:06",59:7b:9a:7e:5c:40,E0:5A:1B:A0:40:F8,-85
"2023-05-19 11:00:06",59:84:33:21:17:84,3C:71:BF:62:C2:B8,-77
"2023-05-19 11:00:02",59:84:33:21:17:84,CC:50:E3:A8:F3:00,-75
"2023-05-19 11:00:07",59:84:33:21:17:84,E0:5A:1B:A0:2A:28,-73
"2023-05-19 11:00:08",59:84:33:21:17:84,E0:5A:1B:A0:4C:84,-83
"2023-05-19 11:00:07",59:c7:cb:d1:b0:7e,E0:5A:1B:A0:3D:C8,-84
"2023-05-19 11:00:10",5a:18:ed:b6:97:4f,E0:5A:1B:A0:57:0C,-85
"2023-05-19 11:00:07",5a:36:9b:18:ea:91,E0:5A:1B:A0:3D:C8,-75
"2023-05-19 11:00:20",5a:51:ea:bd:eb:e9,3C:71:BF:63:83:28,-81
"2023-05-19 11:00:08",5a:51:ea:bd:eb:e9,E0:5A:1B:A0:4C:84,-71
"2023-05-19 11:00:06",5a:af:2e:13:18:e6,3C:71:BF:62:C2:B8,-82
"2023-05-19 11:00:07",5a:af:2e:13:18:e6,E0:5A:1B:A0:2A:28,-74
"2023-05-19 11:00:06",5a:c0:9c:4e:b8:18,E0:5A:1B:A0:40:F8,-85
"2023-05-19 11:00:06",5a:c0:9c:4e:b8:18,E0:5A:1B:A0:51:9C,-77
"2023-05-19 11:00:07",5a:fe:2c:70:a7:9e,E0:5A:1B:A0:1E:88,-83
"2023-05-19 11:00:16",5b:0b:29:63:57:ba,CC:50:E3:A8:D9:6C,-79
"2023-05-19 11:00:06",5b:0b:29:63:57:ba,E0:5A:1B:A0:38:C0,-77
"2023-05-19 11:00:02",5b:10:22:38:7e:70,CC:50:E3:A8:F3:00,-85
"2023-05-19 11:00:08",5b:10:22:38:7e:70,E0:5A:1B:A0:4C:84,-77
"2023-05-19 11:00:08",5b:25:38:49:23:e6,E0:5A:1B:A0:4C:84,-59
"2023-05-19 11:00:07",5b:6f:9b:21:c2:41,E0:5A:1B:A0:1E:88,-80
"2023-05-19 11:00:07",5b:6f:f3:89:50:b2,E0:5A:1B:A0:2A:28,-81
"2023-05-19 11:00:08",5b:96:ec:5d:1e:c6,E0:5A:1B:A0:4C:84,-82
"2023-05-19 11:00:07",5b:ad:75:27:f7:9b,E0:5A:1B:A0:3D:C8,-74
"2023-05-19 11:00:06",5b:ad:e2:f9:17:61,E0:5A:1B:A0:38:C0,-80
"2023-05-19 11:00:02",5b:b2:4b:a9:4b:81,CC:50:E3:A8:F3:00,-77
"2023-05-19 11:00:08",5b:b2:4b:a9:4b:81,E0:5A:1B:A0:4C:84,-82
"2023-05-19 11:00:07",5b:db:c8:d4:9c:e5,E0:5A:1B:A0:37:D8,-70
"2023-05-19 11:00:06",5b:db:c8:d4:9c:e5,E0:5A:1B:A0:40:F8,-84
"2023-05-19 11:00:20",5b:de:20:8b:36:be,3C:71:BF:63:83:28,-79
"2023-05-19 11:00:02",5b:de:20:8b:36:be,CC:50:E3:A8:F3:00,-82
"2023-05-19 11:00:08",5b:de:20:8b:36:be,E0:5A:1B:A0:4C:84,-75
"2023-05-19 11:00:07",5b:e2:14:4a:ac:47,E0:5A:1B:A0:37:D8,-83
"2023-05-19 11:00:06",5b:e2:14:4a:ac:47,E0:5A:1B:A0:40:F8,-63
"2023-05-19 11:00:20",5c:6f:53:0d:af:db,3C:71:BF:63:83:28,-84
"2023-05-19 11:00:02",5c:6f:53:0d:af:db,CC:50:E3:A8:F3:00,-84
"2023-05-19 11:00:15",5d:0c:6e:d4:dd:87,E0:5A:1B:A0:2F:B8,-82
"2023-05-19 11:00:06",5d:0c:6e:d4:dd:87,E0:5A:1B:A0:40:F8,-83
"2023-05-19 11:00:06",5d:0c:6e:d4:dd:87,E0:5A:1B:A0:51:9C,-82
"2023-05-19 11:00:10",5d:26:14:b6:92:34,E0:5A:1B:A0:57:0C,-81
"2023-05-19 11:00:06",5d:63:17:88:8c:20,A4:CF:12:43:6A:A0,-78
"2023-05-19 11:00:07",5d:63:17:88:8c:20,E0:5A:1B:A0:1E:88,-84
"2023-05-19 11:00:02",5d:c8:c9:af:aa:85,CC:50:E3:A8:F3:00,-69
"2023-05-19 11:00:02",5e:1c:ab:74:4e:58,CC:50:E3:A8:F3:00,-73
"2023-05-19 11:00:07",5e:1c:ab:74:4e:58,E0:5A:1B:A0:2A:28,-80
"2023-05-19 11:00:02",5e:63:f6:9c:22:51,CC:50:E3:A8:F3:00,-68
"2023-05-19 11:00:08",5e:63:f6:9c:22:51,E0:5A:1B:A0:4C:84,-80
"2023-05-19 11:00:08",5e:74:27:19:9a:1f,E0:5A:1B:A0:4C:84,-72
"2023-05-19 11:00:20",5e:8f:e6:f7:54:2f,3C:71:BF:63:83:28,-79
"2023-05-19 11:00:02",5e:8f:e6:f7:54:2f,CC:50:E3:A8:F3:00,-77
"2023-05-19 11:00:07",5e:8f:e6:f7:54:2f,E0:5A:1B:A0:2A:28,-81
"2023-05-19 11:00:08",5e:8f:e6:f7:54:2f,E0:5A:1B:A0:4C:84,-80
"2023-05-19 11:00:07",5f:24:a8:c5:f3:43,E0:5A:1B:A0:37:D8,-64
"2023-05-19 11:00:06",5f:24:a8:c5:f3:43,E0:5A:1B:A0:40:F8,-84
"2023-05-19 11:00:07",5f:38:0b:78:35:90,E0:5A:1B:A0:37:D8,-75
"2023-05-19 11:00:06",5f:38:0b:78:35:90,E0:5A:1B:A0:40:F8,-62
"2023-05-19 11:00:20",5f:7a:84:84:85:72,3C:71:BF:63:83:28,-79
"2023-05-19 11:00:16",5f:aa:ab:ea:ea:2b,CC:50:E3:A8:D9:6C,-76
"2023-05-19 11:00:02",5f:ae:cb:bb:59:42,CC:50:E3:A8:F3:00,-80
"2023-05-19 11:00:07",5f:b8:86:cb:49:37,E0:5A:1B:A0:3D:C8,-82
"2023-05-19 11:00:08",60:8e:ff:64:9b:c4,E0:5A:1B:A0:4C:84,-66
"2023-05-19 11:00:06",61:83:06:86:aa:a9,E0:5A:1B:A0:51:9C,-84
"2023-05-19 11:00:06",61:8a:e2:88:c3:fe,3C:71:BF:62:C2:B8,-74
"2023-05-19 11:00:07",61:8a:e2:88:c3:fe,E0:5A:1B:A0:2A:28,-78
"2023-05-19 11:00:07",62:14:8c:cc:d3:e3,E0:5A:1B:A0:37:D8,-69
"2023-05-19 11:00:06",62:14:8c:cc:d3:e3,E0:5A:1B:A0:40:F8,-82
"2023-05-19 11:00:07",62:f2:e7:b4:c5:24,E0:5A:1B:A0:1E:88,-81
"2023-05-19 11:00:20",63:60:49:48:5d:29,3C:71:BF:63:83:28,-72
"2023-05-19 11:00:08",63:60:49:48:5d:29,E0:5A:1B:A0:4C:84,-74
"2023-05-19 11:00:15",63:93:20:5c:45:5a,E0:5A:1B:A0:2F:B8,-66
"2023-05-19 11:00:06",63:97:2d:08:b3:e9,A4:CF:12:43:6A:A0,-83
"2023-05-19 11:00:10",63:97:2d:08:b3:e9,E0:5A:1B:A0:57:0C,-72
"2023-05-19 11:00:02",63:bc:a8:71:ac:48,CC:50:E3:A8:F3:00,-85
"2023-05-19 11:00:02",64:3f:7e:9b:10:cc,CC:50:E3:A8:F3:00,-84
"2023-05-19 11:00:07",64:3f:7e:9b:10:cc,E0:5A:1B:A0:2A:28,-76
"2023-05-19 11:00:07",64:97:15:7f:01:b1,E0:5A:1B:A0:37:D8,-77
"2023-05-19 11:00:06",65:62:68:3b:e3:e1,3C:71:BF:62:C2:B8,-84
"2023-05-19 11:00:02",65:62:68:3b:e3:e1,CC:50:E3:A8:F3:00,-73
"2023-05-19 11:00:07",65:62:68:3b:e3:e1,E0:5A:1B:A0:2A:28,-82
"2023-05-19 11:00:10",65:71:61:99:81:dd,E0:5A:1B:A0:57:0C,-76
"2023-05-19 11:00:06",65:7d:3d:80:28:b4,3C:71:BF:62:C2:B8,-77
"2023-05-19 11:00:02",65:7d:3d:80:28:b4,CC:50:E3:A8:F3:00,-77
"2023-05-19 11:00:07",65:7d:3d:80:28:b4,E0:5A:1B:A0:2A:28,-79
"2023-05-19 11:00:07",66:01:e0:97:43:b0,E0:5A:1B:A0:1E:88,-79
"2023-05-19 11:00:06",66:18:01:ed:bf:b7,A4:CF:12:43:6A:A0,-83
"2023-05-19 11:00:10",66:18:01:ed:bf:b7,E0:5A:1B:A0:57:0C,-81
"2023-05-19 11:00:20",66:74:1d:b8:8d:76,3C:71:BF:63:83:28,-82
"2023-05-19 11:00:07",66:c0:a1:74:db:e7,E0:5A:1B:A0:3D:C8,-72
"2023-05-19 11:00:02",66:dc:ea:9b:5a:be,CC:50:E3:A8:F3:00,-81
"2023-05-19 11:00:07",66:dc:ea:9b:5a:be,E0:5A:1B:A0:2A:28,-72
"2023-05-19 11:00:20",67:13:23:5c:56:0d,3C:71:BF:63:83:28,-77
"2023-05-19 11:00:08",67:13:23:5c:56:0d,E0:5A:1B:A0:4C:84,-85
"2023-05-19 11:00:07",67:7c:30:86:f8:67,E0:5A:1B:A0:37:D8,-78
"2023-05-19 11:00:06",67:7c:30:86:f8:67,E0:5A:1B:A0:40:F8,-82
"2023-05-19 11:00:07",67:db:cb:3d:22:49,E0:5A:1B:A0:37:D8,-82
"2023-05-19 11:00:06",67:db:cb:3d:22:49,E0:5A:1B:A0:40:F8,-72
"2023-05-19 11:00:08",68:52:1a:1c:72:44,E0:5A:1B:A0:4C:84,-80
"2023-05-19 11:00:15",68:96:70:6d:c4:dc,E0:5A:1B:A0:2F:B8,-85
"2023-05-19 11:00:06",68:96:70:6d:c4:dc,E0:5A:1B:A0:40:F8,-83
"2023-05-19 11:00:06",68:96:70:6d:c4:dc,E0:5A:1B:A0:51:9C,-77
"2023-05-19 11:00:20",69:44:30:44:53:ef,3C:71:BF:63:83:28,-83
"2023-05-19 11:00:02",69:44:30:44:53:ef,CC:50:E3:A8:F3:00,-85
"2023-05-19 11:00:08",69:44:30:44:53:ef,E0:5A:1B:A0:4C:84,-84
"2023-05-19 11:00:07",69:59:02:a6:f0:5a,E0:5A:1B:A0:37:D8,-70
"2023-05-19 11:00:06",69:59:02:a6:f0:5a,E0:5A:1B:A0:40:F8,-83
"2023-05-19 11:00:07",69:70:8e:15:55:d4,E0:5A:1B:A0:2A:28,-74
"2023-05-19 11:00:15",69:75:e4:a2:f7:1d,E0:5A:1B:A0:2F:B8,-77
"2023-05-19 11:00:15",69:b4:df:74:be:83,E0:5A:1B:A0:2F:B8,-77
"2023-05-19 11:00:08",69:c1:90:06:3f:3b,E0:5A:1B:A0:4C:84,-81
"2023-05-19 11:00:02",69:f5:f4:77:2c:b6,CC:50:E3:A8:F3:00,-70
"2023-05-19 11:00:10",69:fe:ca:22:32:22,E0:5A:1B:A0:57:0C,-83
"2023-05-19 11:00:20",6a:23:5d:22:e4:d4,3C:71:BF:63:83:28,-82
"2023-05-19 11:00:08",6a:23:5d:22:e4:d4,E0:5A:1B:A0:4C:84,-83
"2023-05-19 11:00:06",6a:37:1c:60:8b:86,3C:71:BF:62:C2:B8,-83
"2023-05-19 11:00:07",6a:37:1c:60:8b:86,E0:5A:1B:A0:1E:88,-81
"2023-05-19 11:00:02",6a:8b:0e:44:8c:ae,CC:50:E3:A8:F3:00,-80
"2023-05-19 11:00:08",6a:8b:0e:44:8c:ae,E0:5A:1B:A0:4C:84,-80
"2023-05-19 11:00:06",6a:bb:cb:54:8b:90,3C:71:BF:62:C2:B8,-84
"2023-05-19 11:00:20",6a:bb:cb:54:8b:90,3C:71:BF:63:83:28,-75
"2023-05-19 11:00:02",6a:bb:cb:54:8b:90,CC:50:E3:A8:F3:00,-60
"2023-05-19 11:00:07",6a:bb:cb:54:8b:90,E0:5A:1B:A0:2A:28,-72
"2023-05-19 11:00:08",6a:bb:cb:54:8b:90,E0:5A:1B:A0:4C:84,-75
"2023-05-19 11:00:20",6a:d3:3e:75:28:2e,3C:71:BF:63:83:28,-72
"2023-05-19 11:00:06",6b:04:e7:96:c2:60,E0:5A:1B:A0:1A:C0,-82
"2023-05-19 11:00:06",6b:7a:0a:0b:6c:fd,E0:5A:1B:A0:38:C0,-76
"2023-05-19 11:00:10",6b:e5:71:b2:2f:bb,E0:5A:1B:A0:57:0C,-69
"2023-05-19 11:00:08",6b:e7:98:cc:fc:4f,E0:5A:1B:A0:4C:84,-68
"2023-05-19 11:00:07",6c:56:44:ff:05:b2,E0:5A:1B:A0:37:D8,-77
"2023-05-19 11:00:10",6c:c0:24:12:e1:2d,E0:5A:1B:A0:57:0C,-78
"2023-05-19 11:00:02",6c:d4:00:4f:6c:45,CC:50:E3:A8:F3:00,-79
"2023-05-19 11:00:07",6c:d4:00:4f:6c:45,E0:5A:1B:A0:2A:28,-83
"2023-05-19 11:00:02",6c:d4:91:b4:09:2e,CC:50:E3:A8:F3:00,-71
"2023-05-19 11:00:06",6c:d7:d4:4d:9f:46,E0:5A:1B:A0:40:F8,-57
"2023-05-19 11:00:07",6d:3f:cc:93:79:09,E0:5A:1B:A0:37:D8,-70
"2023-05-19 11:00:06",6d:3f:cc:93:79:09,E0:5A:1B:A0:40:F8,-77
"2023-05-19 11:00:02",6d:8f:da:ea:88:d0,CC:50:E3:A8:F3:00,-83
"2023-05-19 11:00:08",6d:8f:da:ea:88:d0,E0:5A:1B:A0:4C:84,-70
"2023-05-19 11:00:07",6d:af:4f:c9:3c:af,E0:5A:1B:A0:37:D8,-71
"2023-05-19 11:00:06",6d:af:4f:c9:3c:af,E0:5A:1B:A0:40:F8,-82
"2023-05-19 11:00:02",6d:af:e3:87:05:d7,CC:50:E3:A8:F3:00,-77
"2023-05-19 11:00:08",6d:af:e3:87:05:d7,E0:5A:1B:A0:4C:84,-78
"2023-05-19 11:00:06",6d:b4:56:7e:54:61,80:7D:3A:BC:C6:30,-82
"2023-05-19 11:00:10",6d:b4:56:7e:54:61,E0:5A:1B:A0:57:0C,-73
"2023-05-19 11:00:06",6e:09:dd:84:70:6a,E0:5A:1B:A0:38:C0,-84
"2023-05-19 11:00:07",6e:09:dd:84:70:6a,E0:5A:1B:A0:3D:C8,-77
"2023-05-19 11:00:07",6e:85:34:8f:5b:bc,E0:5A:1B:A0:37:D8,-66
"2023-05-19 11:00:06",6e:85:34:8f:5b:bc,E0:5A:1B:A0:40:F8,-85
"2023-05-19 11:00:07",6f:5b:0c:10:5a:ca,E0:5A:1B:A0:37:D8,-85
"2023-05-19 11:00:06",6f:5b:0c:10:5a:ca,E0:5A:1B:A0:40:F8,-83
"2023-05-19 11:00:06",6f:5b:0c:10:5a:ca,E0:5A:1B:A0:51:9C,-77
"2023-05-19 11:00:02",6f:c7:8c:79:01:85,CC:50:E3:A8:F3:00,-69
"2023-05-19 11:00:07",6f:c7:8c:79:01:85,E0:5A:1B:A0:2A:28,-81
"2023-05-19 11:00:10",6f:dd:80:c8:46:8f,E0:5A:1B:A0:57:0C,-82
"2023-05-19 11:00:20",6f:e3:dd:88:6c:10,3C:71:BF:63:83:28,-68
"2023-05-19 11:00:02",6f:e3:dd:88:6c:10,CC:50:E3:A8:F3:00,-82
"2023-05-19 11:00:08",6f:e3:dd:88:6c:10,E0:5A:1B:A0:4C:84,-82
"2023-05-19 11:00:10",6f:e9:c0:c4:67:a0,E0:5A:1B:A0:57:0C,-83
"2023-05-19 11:00:06",70:48:a5:27:02:1e,3C:71:BF:62:C2:B8,-82
"2023-05-19 11:00:06",70:48:a5:27:02:1e,80:7D:3A:BC:C6:30,-75
"2023-05-19 11:00:07",70:48:a5:27:02:1e,E0:5A:1B:A0:1E:88,-82
"2023-05-19 11:00:06",70:8f:71:c1:42:d7,3C:71:BF:62:C2:B8,-84
"2023-05-19 11:00:02",70:8f:71:c1:42:d7,CC:50:E3:A8:F3:00,-73
"2023-05-19 11:00:08",70:c5:57:99:d9:09,E0:5A:1B:A0:4C:84,-76
"2023-05-19 11:00:16",70:c9:65:8e:d4:e7,CC:50:E3:A8:D9:6C,-78
"2023-05-19 11:00:06",70:c9:65:8e:d4:e7,E0:5A:1B:A0:38:C0,-81
"2023-05-19 11:00:07",70:c9:65:8e:d4:e7,E0:5A:1B:A0:3D:C8,-80
"2023-05-19 11:00:20",70:e7:36:18:03:57,3C:71:BF:63:83:28,-81
"2023-05-19 11:00:02",70:e7:36:18:03:57,CC:50:E3:A8:F3:00,-77
"2023-05-19 11:00:02",71:36:39:43:e8:6a,CC:50:E3:A8:F3:00,-76
"2023-05-19 11:00:02",71:c8:10:cf:9c:01,CC:50:E3:A8:F3:00,-78
"2023-05-19 11:00:08",71:c8:10:cf:9c:01,E0:5A:1B:A0:4C:84,-66
"2023-05-19 11:00:08",71:f0:22:48:29:a1,E0:5A:1B:A0:4C:84,-70
"2023-05-19 11:00:07",72:27:ab:dc:44:c2,E0:5A:1B:A0:3D:C8,-83
"2023-05-19 11:00:06",72:33:51:97:91:c1,3C:71:BF:62:C2:B8,-79
"2023-05-19 11:00:06",72:33:51:97:91:c1,80:7D:3A:BC:C6:30,-76
"2023-05-19 11:00:06",72:33:51:97:91:c1,A4:CF:12:43:6A:A0,-77
"2023-05-19 11:00:07",72:33:51:97:91:c1,E0:5A:1B:A0:1E:88,-80
"2023-05-19 11:00:02",73:55:8d:d3:51:a7,CC:50:E3:A8:F3:00,-76
"2023-05-19 11:00:07",73:f6:06:13:3c:16,E0:5A:1B:A0:37:D8,-75
"2023-05-19 11:00:10",74:22:ca:82:1e:ab,E0:5A:1B:A0:57:0C,-84
"2023-05-19 11:00:06",74:31:d3:3e:1e:01,E0:5A:1B:A0:1A:C0,-84
"2023-05-19 11:00:10",74:3a:d3:15:87:ad,E0:5A:1B:A0:57:0C,-73
"2023-05-19 11:00:15",74:53:66:b0:92:36,E0:5A:1B:A0:2F:B8,-71
"2023-05-19 11:00:07",74:5c:4b:d3:ab:9e,E0:5A:1B:A0:37:D8,-79
"2023-05-19 11:00:06",74:5c:4b:d3:ab:9e,E0:5A:1B:A0:40:F8,-72
"2023-05-19 11:00:02",74:8d:f8:52:cc:e3,CC:50:E3:A8:F3:00,-71
"2023-05-19 11:00:07",74:8d:f8:52:cc:e3,E0:5A:1B:A0:2A:28,-85
"2023-05-19 11:00:16",74:f5:73:4b:a6:70,CC:50:E3:A8:D9:6C,-81
"2023-05-19 11:00:06",74:f5:73:4b:a6:70,E0:5A:1B:A0:38:C0,-85
"2023-05-19 11:00:07",74:f5:73:4b:a6:70,E0:5A:1B:A0:3D:C8,-82
"2023-05-19 11:00:16",74:fa:6a:1a:f6:d3,CC:50:E3:A8:D9:6C,-76
"2023-05-19 11:00:06",74:fa:6a:1a:f6:d3,E0:5A:1B:A0:38:C0,-82
"2023-05-19 11:00:07",74:fa:6a:1a:f6:d3,E0:5A:1B:A0:3D:C8,-85
"2023-05-19 11:00:02",75:3c:02:17:6e:3a,CC:50:E3:A8:F3:00,-77
"2023-05-19 11:00:07",75:3c:02:17:6e:3a,E0:5A:1B:A0:2A:28,-77
"2023-05-19 11:00:06",75:61:23:9e:eb:31,3C:71:BF:62:C2:B8,-85
"2023-05-19 11:00:20",75:61:23:9e:eb:31,3C:71:BF:63:83:28,-85
"2023-05-19 11:00:02",75:61:23:9e:eb:31,CC:50:E3:A8:F3:00,-70
"2023-05-19 11:00:07",75:61:23:9e:eb:31,E0:5A:1B:A0:2A:28,-82
"2023-05-19 11:00:07",75:d3:4c:02:ea:4d,E0:5A:1B:A0:37:D8,-80
"2023-05-19 11:00:06",75:d3:4c:02:ea:4d,E0:5A:1B:A0:40:F8,-74
"2023-05-19 11:00:20",76:18:79:1c:b0:17,3C:71:BF:63:83:28,-80
"2023-05-19 11:00:08",76:18:79:1c:b0:17,E0:5A:1B:A0:4C:84,-78
"2023-05-19 11:00:20",76:1c:d4:4a:c0:22,3C:71:BF:63:83:28,-80
"2023-05-19 11:00:08",76:1c:d4:4a:c0:22,E0:5A:1B:A0:4C:84,-77
"2023-05-19 11:00:07",76:5d:47:9e:22:1a,E0:5A:1B:A0:37:D8,-81
"2023-05-19 11:00:06",76:5d:47:9e:22:1a,E0:5A:1B:A0:40:F8,-61
"2023-05-19 11:00:06",76:72:ee:2d:2a:88,3C:71:BF:62:C2:B8,-82
"2023-05-19 11:00:02",76:72:ee:2d:2a:88,CC:50:E3:A8:F3:00,-85
"2023-05-19 11:00:07",76:72:ee:2d:2a:88,E0:5A:1B:A0:2A:28,-76
"2023-05-19 11:00:06",76:8a:66:2d:46:0a,E0:5A:1B:A0:40:F8,-57
"2023-05-19 11:00:07",76:93:55:27:7a:ab,E0:5A:1B:A0:3D:C8,-83
"2023-05-19 11:00:06",76:f7:c6:c1:e1:78,3C:71:BF:62:C2:B8,-77
"2023-05-19 11:00:02",76:f7:c6:c1:e1:78,CC:50:E3:A8:F3:00,-83
"2023-05-19 11:00:07",76:f7:c6:c1:e1:78,E0:5A:1B:A0:2A:28,-76
"2023-05-19 11:00:02",77:a0:1b:a3:f3:bf,CC:50:E3:A8:F3:00,-80
"2023-05-19 11:00:02",77:b6:e1:25:f9:38,CC:50:E3:A8:F3:00,-77
"2023-05-19 11:00:08",77:b6:e1:25:f9:38,E0:5A:1B:A0:4C:84,-78
"2023-05-19 11:00:02",77:eb:92:84:fa:f4,CC:50:E3:A8:F3:00,-69
"2023-05-19 11:00:07",78:21:ba:56:d2:e7,E0:5A:1B:A0:37:D8,-80
"2023-05-19 11:00:20",78:2e:61:31:2e:9d,3C:71:BF:63:83:28,-71
"2023-05-19 11:00:08",78:2e:61:31:2e:9d,E0:5A:1B:A0:4C:84,-83
"2023-05-19 11:00:07",78:7b:14:ce:84:f7,E0:5A:1B:A0:3D:C8,-70
"2023-05-19 11:00:08",78:8c:59:c8:3c:d1,E0:5A:1B:A0:4C:84,-76
"2023-05-19 11:00:20",78:9d:2c:b6:67:0d,3C:71:BF:63:83:28,-66
"2023-05-19 11:00:08",78:9d:2c:b6:67:0d,E0:5A:1B:A0:4C:84,-77
"2023-05-19 11:00:20",78:a4:e5:ff:e4:14,3C:71:BF:63:83:28,-74
"2023-05-19 11:00:08",78:a4:e5:ff:e4:14,E0:5A:1B:A0:4C:84,-72
"2023-05-19 11:00:07",79:73:f8:1b:e6:14,E0:5A:1B:A0:37:D8,-71
"2023-05-19 11:00:06",79:73:f8:1b:e6:14,E0:5A:1B:A0:40:F8,-82
"2023-05-19 11:00:20",7a:01:55:ea:ba:92,3C:71:BF:63:83:28,-69
"2023-05-19 11:00:08",7a:01:55:ea:ba:92,E0:5A:1B:A0:4C:84,-82
"2023-05-19 11:00:06",7a:5e:bc:d2:f1:93,3C:71:BF:62:C2:B8,-81
"2023-05-19 11:00:20",7a:5e:bc:d2:f1:93,3C:71:BF:63:83:28,-83
"2023-05-19 11:00:07",7a:5e:bc:d2:f1:93,E0:5A:1B:A0:2A:28,-80
"2023-05-19 11:00:08",7a:5e:bc:d2:f1:93,E0:5A:1B:A0:4C:84,-79
"2023-05-19 11:00:20",7a:6b:b7:29:8c:0e,3C:71:BF:63:83:28,-81
"2023-05-19 11:00:08",7a:6b:b7:29:8c:0e,E0:5A:1B:A0:4C:84,-83
"2023-05-19 11:00:06",7a:9d:e7:22:c8:25,E0:5A:1B:A0:40:F8,-81
"2023-05-19 11:00:06",7a:c7:e4:89:d4:db,E0:5A:1B:A0:38:C0,-84
"2023-05-19 11:00:06",7b:9f:d2:f3:da:24,3C:71:BF:62:C2:B8,-75
"2023-05-19 11:00:07",7b:9f:d2:f3:da:24,E0:5A:1B:A0:2A:28,-75
"2023-05-19 11:00:07",7b:aa:2a:a3:69:30,E0:5A:1B:A0:37:D8,-84
"2023-05-19 11:00:06",7b:aa:2a:a3:69:30,E0:5A:1B:A0:40:F8,-76
"2023-05-19 11:00:20",7b:cd:d7:e6:f1:87,3C:71:BF:63:83:28,-84
"2023-05-19 11:00:07",7b:cd:d7:e6:f1:87,E0:5A:1B:A0:2A:28,-84
"2023-05-19 11:00:08",7b:cd:d7:e6:f1:87,E0:5A:1B:A0:4C:84,-85
"2023-05-19 11:00:08",7c:91:67:75:f5:25,E0:5A:1B:A0:4C:84,-76
"2023-05-19 11:00:20",7c:ac:68:85:ae:3f,3C:71:BF:63:83:28,-85
"2023-05-19 11:00:08",7c:ac:68:85:ae:3f,E0:5A:1B:A0:4C:84,-85
"2023-05-19 11:00:15",7c:ef:31:a8:33:f2,E0:5A:1B:A0:2F:B8,-79
"2023-05-19 11:00:16",7d:13:fa:07:b4:de,CC:50:E3:A8:D9:6C,-82
"2023-05-19 11:00:11",7d:2c:ee:ef:0c:b3,E0:5A:1B:A0:1F:D0,-77
"2023-05-19 11:00:11",7d:45:33:00:e8:05,E0:5A:1B:A0:1F:D0,-84
"2023-05-19 11:00:06",7d:45:33:00:e8:05,E0:5A:1B:A0:51:9C,-82
"2023-05-19 11:00:07",7d:71:c5:a0:ad:30,E0:5A:1B:A0:37:D8,-82
"2023-05-19 11:00:06",7d:9e:49:55:2d:91,80:7D:3A:BC:C6:30,-84
"2023-05-19 11:00:06",7d:9e:49:55:2d:91,A4:CF:12:43:6A:A0,-85
"2023-05-19 11:00:10",7d:9e:49:55:2d:91,E0:5A:1B:A0:57:0C,-73
"2023-05-19 11:00:20",7d:be:d4:99:14:1e,3C:71:BF:63:83:28,-64
"2023-05-19 11:00:08",7e:0f:01:be:4b:0e,E0:5A:1B:A0:4C:84,-80
"2023-05-19 11:00:07",7e:4c:98:a3:d8:94,E0:5A:1B:A0:1E:88,-82
"2023-05-19 11:00:07",7e:53:a6:9f:77:c2,E0:5A:1B:A0:37:D8,-85
"2023-05-19 11:00:06",7e:53:a6:9f:77:c2,E0:5A:1B:A0:40:F8,-71
"2023-05-19 11:00:20",7e:5f:fb:1f:9b:bf,3C:71:BF:63:83:28,-81
"2023-05-19 11:00:07",7e:b8:29:71:c7:32,E0:5A:1B:A0:37:D8,-63
"2023-05-19 11:00:07",7e:bb:62:9f:c4:15,E0:5A:1B:A0:37:D8,-74
"2023-05-19 11:00:06",7e:bb:62:9f:c4:15,E0:5A:1B:A0:40:F8,-83
"2023-05-19 11:00:20",7e:f9:35:1b:c5:e3,3C:71:BF:63:83:28,-84
"2023-05-19 11:00:07",7e:f9:35:1b:c5:e3,E0:5A:1B:A0:2A:28,-85
"2023-05-19 11:00:08",7e:f9:35:1b:c5:e3,E0:5A:1B:A0:4C:84,-79
"2023-05-19 11:00:16",7e:fb:b3:6c:bc:fe,CC:50:E3:A8:D9:6C,-84
"2023-05-19 11:00:07",7e:fb:b3:6c:bc:fe,E0:5A:1B:A0:3D:C8,-82
"2023-05-19 11:00:15",7f:8c:c7:7d:50:bf,E0:5A:1B:A0:2F:B8,-81
"2023-05-19 11:00:06",7f:8c:c7:7d:50:bf,E0:5A:1B:A0:40:F8,-84
"2023-05-19 11:00:06",7f:8c:c7:7d:50:bf,E0:5A:1B:A0:51:9C,-77
"2023-05-19 11:00:20",7f:b7:ad:0c:b1:bb,3C:71:BF:63:83:28,-80
"2023-05-19 11:00:08",7f:b7:ad:0c:b1:bb,E0:5A:1B:A0:4C:84,-82
"2023-05-19 11:00:07",7f:ea:c2:ff:fb:bb,E0:5A:1B:A0:37:D8,-72
"2023-05-19 11:00:06",7f:fc:6e:19:f0:7a,3C:71:BF:62:C2:B8,-84
"2023-05-19 11:00:07",7f:fc:6e:19:f0:7a,E0:5A:1B:A0:2A:28,-83
"2023-05-19 11:00:06",84:2a:fd:29:42:b6,E0:5A:1B:A0:51:9C,-83
"2023-05-19 11:00:15",88:4a:ea:8e:8f:0c,E0:5A:1B:A0:2F:B8,-79
"2023-05-19 11:00:16",b8:27:eb:33:b6:52,CC:50:E3:A8:D9:6C,-75
"2023-05-19 11:00:06",b8:27:eb:33:b6:52,E0:5A:1B:A0:38:C0,-83
"2023-05-19 11:00:16",b8:27:eb:3d:11:a5,CC:50:E3:A8:D9:6C,-70
"2023-05-19 11:00:06",b8:27:eb:3d:11:a5,E0:5A:1B:A0:38:C0,-82
"2023-05-19 11:00:20",b8:27:eb:41:83:9c,3C:71:BF:63:83:28,-83
"2023-05-19 11:00:08",b8:27:eb:41:83:9c,E0:5A:1B:A0:4C:84,-82
"2023-05-19 11:00:08",b8:27:eb:6a:9b:1f,E0:5A:1B:A0:4C:84,-63
"2023-05-19 11:00:07",b8:27:eb:b7:bd:a6,E0:5A:1B:A0:2A:28,-73
"2023-05-19 11:00:06",b8:27:eb:d9:fa:6f,E0:5A:1B:A0:38:C0,-79
"2023-05-19 11:00:20",b8:27:eb:ea:b3:fc,3C:71:BF:63:83:28,-80
"2023-05-19 11:00:08",b8:27:eb:ea:b3:fc,E0:5A:1B:A0:4C:84,-77
"2023-05-19 11:00:08",c0:18:03:20:84:21,E0:5A:1B:A0:4C:84,-74
"2023-05-19 11:00:16",c0:3e:35:ba:21:d3,CC:50:E3:A8:D9:6C,-79
"2023-05-19 11:00:06",c0:3e:35:ba:21:d3,E0:5A:1B:A0:38:C0,-85
"2023-05-19 11:00:16",c0:75:c2:19:d9:c8,CC:50:E3:A8:D9:6C,-82
"2023-05-19 11:00:07",c0:92:d1:94:41:a6,E0:5A:1B:A0:3D:C8,-81
"2023-05-19 11:00:06",c0:b2:aa:48:11:27,E0:5A:1B:A0:38:C0,-75
"2023-05-19 11:00:07",c0:b2:aa:48:11:27,E0:5A:1B:A0:3D:C8,-78
"2023-05-19 11:00:07",c0:cc:b7:ce:53:a5,E0:5A:1B:A0:2A:28,-83
"2023-05-19 11:00:20",c0:f0:8d:5f:d4:a8,3C:71:BF:63:83:28,-82
"2023-05-19 11:00:08",c0:f0:8d:5f:d4:a8,E0:5A:1B:A0:4C:84,-82
"2023-05-19 11:00:06",c1:3f:a3:e3:a5:41,E0:5A:1B:A0:38:C0,-81
"2023-05-19 11:00:20",c1:ba:de:14:23:4f,3C:71:BF:63:83:28,-82
"2023-05-19 11:00:08",c1:ba:de:14:23:4f,E0:5A:1B:A0:4C:84,-82
"2023-05-19 11:00:20",c1:e2:ef:1d:ca:6c,3C:71:BF:63:83:28,-75
"2023-05-19 11:00:08",c1:e2:ef:1d:ca:6c,E0:5A:1B:A0:4C:84,-85
"2023-05-19 11:00:08",c1:f5:c7:0e:8a:43,E0:5A:1B:A0:4C:84,-81
"2023-05-19 11:00:08",c2:31:eb:61:d8:68,E0:5A:1B:A0:4C:84,-70
"2023-05-19 11:00:07",c2:39:5f:2d:4d:1c,E0:5A:1B:A0:37:D8,-76
"2023-05-19 11:00:06",c2:39:5f:2d:4d:1c,E0:5A:1B:A0:40:F8,-83
"2023-05-19 11:00:20",c2:42:e8:64:64:83,3C:71:BF:63:83:28,-73
"2023-05-19 11:00:20",c2:59:c4:f6:aa:b6,3C:71:BF:63:83:28,-69
"2023-05-19 11:00:06",c2:ad:88:58:5b:77,E0:5A:1B:A0:40:F8,-60
"2023-05-19 11:00:07",c2:af:21:62:2f:f0,E0:5A:1B:A0:2A:28,-84
"2023-05-19 11:00:07",c2:f5:2e:08:5c:9b,E0:5A:1B:A0:37:D8,-72
"2023-05-19 11:00:06",c2:f5:2e:08:5c:9b,E0:5A:1B:A0:40:F8,-82
"2023-05-19 11:00:07",c3:02:d3:5d:c6:f6,E0:5A:1B:A0:2A:28,-72
"2023-05-19 11:00:11",c3:41:c0:8f:8e:1d,E0:5A:1B:A0:1F:D0,-82
"2023-05-19 11:00:06",c3:55:b2:b5:d2:90,E0:5A:1B:A0:38:C0,-80
"2023-05-19 11:00:07",c3:5a:75:0a:f6:bd,E0:5A:1B:A0:37:D8,-67
"2023-05-19 11:00:06",c3:5a:75:0a:f6:bd,E0:5A:1B:A0:40:F8,-79
"2023-05-19 11:00:06",c3:6b:05:5e:98:af,80:7D:3A:BC:C6:30,-84
"2023-05-19 11:00:07",c3:6b:05:5e:98:af,E0:5A:1B:A0:1E:88,-80
"2023-05-19 11:00:20",c3:78:45:58:af:9a,3C:71:BF:63:83:28,-85
"2023-05-19 11:00:07",c3:78:45:58:af:9a,E0:5A:1B:A0:2A:28,-78
"2023-05-19 11:00:16",c3:e2:03:47:ab:b1,CC:50:E3:A8:D9:6C,-83
"2023-05-19 11:00:06",c3:e2:03:47:ab:b1,E0:5A:1B:A0:38:C0,-81
"2023-05-19 11:00:20",c3:ed:d8:36:9a:d6,3C:71:BF:63:83:28,-81
"2023-05-19 11:00:06",c4:83:f9:2b:6d:4e,A4:CF:12:43:6A:A0,-84
"2023-05-19 11:00:10",c4:83:f9:2b:6d:4e,E0:5A:1B:A0:57:0C,-73
"2023-05-19 11:00:20",c4:8a:84:23:a2:9f,3C:71:BF:63:83:28,-84
"2023-05-19 11:00:07",c4:91:fe:e6:17:58,E0:5A:1B:A0:2A:28,-85
"2023-05-19 11:00:06",c4:b2:86:dc:40:0a,E0:5A:1B:A0:38:C0,-70
"2023-05-19 11:00:06",c4:d6:3f:da:da:d1,80:7D:3A:BC:C6:30,-79
"2023-05-19 11:00:06",c4:d6:3f:da:da:d1,A4:CF:12:43:6A:A0,-78
"2023-05-19 11:00:07",c4:d6:3f:da:da:d1,E0:5A:1B:A0:1E:88,-81
"2023-05-19 11:00:07",c4:e0:3c:09:e5:63,E0:5A:1B:A0:2A:28,-80
"2023-05-19 11:00:20",c5:02:23:18:8c:72,3C:71:BF:63:83:28,-84
"2023-05-19 11:00:07",c5:3b:34:02:3a:36,E0:5A:1B:A0:2A:28,-77
"2023-05-19 11:00:20",c5:48:64:d5:af:aa,3C:71:BF:63:83:28,-85
"2023-05-19 11:00:07",c5:48:64:d5:af:aa,E0:5A:1B:A0:2A:28,-83
"2023-05-19 11:00:20",c5:49:f5:48:dd:b0,3C:71:BF:63:83:28,-78
"2023-05-19 11:00:20",c5:59:de:b1:f5:99,3C:71:BF:63:83:28,-77
"2023-05-19 11:00:20",c5:68:d2:98:21:45,3C:71:BF:63:83:28,-64
"2023-05-19 11:00:06",c5:83:71:18:8c:26,E0:5A:1B:A0:38:C0,-78
"2023-05-19 11:00:07",c5:83:71:18:8c:26,E0:5A:1B:A0:3D:C8,-84
"2023-05-19 11:00:20",c5:84:0d:66:e1:2a,3C:71:BF:63:83:28,-65
"2023-05-19 11:00:20",c5:b1:8c:51:3f:36,3C:71:BF:63:83:28,-84
"2023-05-19 11:00:07",c5:da:d0:f2:64:bb,E0:5A:1B:A0:1E:88,-79
"2023-05-19 11:00:16",c5:eb:dd:a2:ce:29,CC:50:E3:A8:D9:6C,-81
"2023-05-19 11:00:06",c5:fb:e0:ea:78:00,E0:5A:1B:A0:38:C0,-80
"2023-05-19 11:00:07",c6:00:90:6c:4e:c3,E0:5A:1B:A0:37:D8,-74
"2023-05-19 11:00:06",c6:00:90:6c:4e:c3,E0:5A:1B:A0:40:F8,-82
"2023-05-19 11:00:20",c6:06:69:92:09:b3,3C:71:BF:63:83:28,-85
"2023-05-19 11:00:07",c6:38:30:4c:f5:17,E0:5A:1B:A0:37:D8,-69
"2023-05-19 11:00:20",c6:39:c6:85:ae:ec,3C:71:BF:63:83:28,-68
"2023-05-19 11:00:07",c6:3b:29:b5:7b:50,E0:5A:1B:A0:37:D8,-67
"2023-05-19 11:00:07",c6:4c:ad:48:54:36,E0:5A:1B:A0:3D:C8,-83
"2023-05-19 11:00:06",c6:b9:10:08:3b:23,3C:71:BF:62:C2:B8,-82
"2023-05-19 11:00:07",c6:b9:10:08:3b:23,E0:5A:1B:A0:1E:88,-79
"2023-05-19 11:00:07",c6:be:05:49:84:ef,E0:5A:1B:A0:2A:28,-85
"2023-05-19 11:00:07",c6:c4:25:2e:6f:01,E0:5A:1B:A0:37:D8,-84
"2023-05-19 11:00:06",c6:c4:25:2e:6f:01,E0:5A:1B:A0:40:F8,-71
"2023-05-19 11:00:16",c6:c8:63:8a:05:b2,CC:50:E3:A8:D9:6C,-76
"2023-05-19 11:00:06",c6:c8:63:8a:05:b2,E0:5A:1B:A0:38:C0,-76
"2023-05-19 11:00:07",c6:c8:63:8a:05:b2,E0:5A:1B:A0:3D:C8,-85
"2023-05-19 11:00:16",c7:02:55:ec:3a:95,CC:50:E3:A8:D9:6C,-81
"2023-05-19 11:00:07",c7:02:55:ec:3a:95,E0:5A:1B:A0:3D:C8,-83
"2023-05-19 11:00:20",c7:50:a6:08:38:b7,3C:71:BF:63:83:28,-73
"2023-05-19 11:00:06",c7:56:3d:e8:6f:41,A4:CF:12:43:6A:A0,-77
"2023-05-19 11:00:10",c7:56:3d:e8:6f:41,E0:5A:1B:A0:57:0C,-84
"2023-05-19 11:00:07",c7:90:2f:0b:2a:f6,E0:5A:1B:A0:37:D8,-80
"2023-05-19 11:00:06",c7:90:2f:0b:2a:f6,E0:5A:1B:A0:40:F8,-72
"2023-05-19 11:00:06",c7:90:2f:0b:2a:f6,E0:5A:1B:A0:51:9C,-83
"2023-05-19 11:00:20",c7:d6:d7:53:7a:31,3C:71:BF:63:83:28,-68
"2023-05-19 11:00:07",c8:16:1e:ee:f2:ca,E0:5A:1B:A0:3D:C8,-75
"2023-05-19 11:00:15",c8:20:5a:4e:6f:2c,E0:5A:1B:A0:2F:B8,-73
"2023-05-19 11:00:06",c8:52:28:29:ac:bb,E0:5A:1B:A0:38:C0,-80
"2023-05-19 11:00:10",c8:73:e2:6d:8a:61,E0:5A:1B:A0:57:0C,-64
"2023-05-19 11:00:06",c8:e2:7e:f9:99:2f,3C:71:BF:62:C2:B8,-83
"2023-05-19 11:00:07",c8:e2:7e:f9:99:2f,E0:5A:1B:A0:2A:28,-83
"2023-05-19 11:00:20",c8:e6:75:dc:86:23,3C:71:BF:63:83:28,-60
"2023-05-19 11:00:07",c9:0d:8c:c9:9c:02,E0:5A:1B:A0:37:D8,-75
"2023-05-19 11:00:15",c9:64:31:d8:8d:3b,E0:5A:1B:A0:2F:B8,-85
"2023-05-19 11:00:06",c9:64:31:d8:8d:3b,E0:5A:1B:A0:51:9C,-77
"2023-05-19 11:00:06",c9:65:d8:cb:76:69,A4:CF:12:43:6A:A0,-85
"2023-05-19 11:00:07",c9:bb:db:09:80:55,E0:5A:1B:A0:1E:88,-81
"2023-05-19 11:00:16",ca:01:65:b0:12:7d,CC:50:E3:A8:D9:6C,-82
"2023-05-19 11:00:06",ca:01:65:b0:12:7d,E0:5A:1B:A0:38:C0,-72
"2023-05-19 11:00:16",ca:07:1c:c3:ac:19,CC:50:E3:A8:D9:6C,-82
"2023-05-19 11:00:07",ca:3d:cc:64:64:db,E0:5A:1B:A0:37:D8,-79
"2023-05-19 11:00:07",ca:68:a0:65:a9:ae,E0:5A:1B:A0:37:D8,-76
"2023-05-19 11:00:06",ca:6d:36:08:b4:81,E0:5A:1B:A0:38:C0,-82
"2023-05-19 11:00:07",ca:82:d1:56:3d:a2,E0:5A:1B:A0:2A:28,-75
"2023-05-19 11:00:15",ca:88:55:16:d2:ca,E0:5A:1B:A0:2F:B8,-63
"2023-05-19 11:00:06",ca:88:55:16:d2:ca,E0:5A:1B:A0:51:9C,-85
"2023-05-19 11:00:07",ca:b4:1c:94:a8:3c,E0:5A:1B:A0:37:D8,-69
"2023-05-19 11:00:06",ca:b4:1c:94:a8:3c,E0:5A:1B:A0:40:F8,-85
"2023-05-19 11:00:07",cb:09:95:bd:73:cb,E0:5A:1B:A0:37:D8,-78
"2023-05-19 11:00:06",cb:09:95:bd:73:cb,E0:5A:1B:A0:40:F8,-68
"2023-05-19 11:00:20",cb:4a:3b:7b:33:f7,3C:71:BF:63:83:28,-78
"2023-05-19 11:00:20",cb:57:de:2f:3b:7f,3C:71:BF:63:83:28,-81
"2023-05-19 11:00:07",cb:57:de:2f:3b:7f,E0:5A:1B:A0:2A:28,-85
"2023-05-19 11:00:07",cb:af:47:64:66:4f,E0:5A:1B:A0:37:D8,-75
"2023-05-19 11:00:06",cb:af:47:64:66:4f,E0:5A:1B:A0:40:F8,-85
"2023-05-19 11:00:20",cb:d1:90:12:94:03,3C:71:BF:63:83:28,-83
"2023-05-19 11:00:20",cb:f3:fc:f5:fc:4b,3C:71:BF:63:83:28,-75
"2023-05-19 11:00:20",cc:44:c2:70:7e:5c,3C:71:BF:63:83:28,-79
"2023-05-19 11:00:20",cc:6e:09:06:dc:03,3C:71:BF:63:83:28,-82
"2023-05-19 11:00:07",cc:d4:96:74:75:38,E0:5A:1B:A0:3D:C8,-71
"2023-05-19 11:00:07",cd:22:b4:52:9e:e9,E0:5A:1B:A0:2A:28,-79
"2023-05-19 11:00:07",cd:73:88:79:8b:79,E0:5A:1B:A0:1E:88,-78
"2023-05-19 11:00:07",ce:26:b1:14:f6:55,E0:5A:1B:A0:2A:28,-85
"2023-05-19 11:00:16",ce:81:f9:44:f0:d1,CC:50:E3:A8:D9:6C,-85
"2023-05-19 11:00:06",ce:81:f9:44:f0:d1,E0:5A:1B:A0:38:C0,-77
"2023-05-19 11:00:07",ce:86:34:07:17:39,E0:5A:1B:A0:2A:28,-62
"2023-05-19 11:00:07",ce:86:49:89:0a:c6,E0:5A:1B:A0:37:D8,-71
"2023-05-19 11:00:06",ce:86:49:89:0a:c6,E0:5A:1B:A0:40:F8,-85
"2023-05-19 11:00:20",ce:9a:67:9e:a7:7b,3C:71:BF:63:83:28,-69
"2023-05-19 11:00:20",ce:bd:3f:24:d4:b6,3C:71:BF:63:83:28,-80
"2023-05-19 11:00:10",ce:d5:99:89:93:09,E0:5A:1B:A0:57:0C,-69
"2023-05-19 11:00:20",ce:e4:2f:37:2d:e1,3C:71:BF:63:83:28,-76
"2023-05-19 11:00:20",cf:01:45:e5:a4:9b,3C:71:BF:63:83:28,-77
"2023-05-19 11:00:07",cf:ed:b0:12:1f:f4,E0:5A:1B:A0:37:D8,-62
"2023-05-19 11:00:06",cf:ed:b0:12:1f:f4,E0:5A:1B:A0:40:F8,-85
"2023-05-19 11:00:07",cf:fc:66:03:08:b1,E0:5A:1B:A0:37:D8,-80
"2023-05-19 11:00:06",cf:fc:66:03:08:b1,E0:5A:1B:A0:40:F8,-73
"2023-05-19 11:00:06",cf:fc:66:03:08:b1,E0:5A:1B:A0:51:9C,-84
"2023-05-19 11:00:16",d0:68:96:63:0d:ac,CC:50:E3:A8:D9:6C,-81
"2023-05-19 11:00:07",d0:68:96:63:0d:ac,E0:5A:1B:A0:3D:C8,-85
"2023-05-19 11:00:20",d0:6e:e0:68:2c:3d,3C:71:BF:63:83:28,-70
"2023-05-19 11:00:06",d0:71:ea:82:be:22,3C:71:BF:62:C2:B8,-82
"2023-05-19 11:00:07",d0:7e:ff:e8:e7:d7,E0:5A:1B:A0:37:D8,-75
"2023-05-19 11:00:06",d0:7e:ff:e8:e7:d7,E0:5A:1B:A0:40:F8,-64
"2023-05-19 11:00:06",d0:d4:19:91:98:d7,A4:CF:12:43:6A:A0,-84
"2023-05-19 11:00:20",d0:d4:78:a8:aa:f5,3C:71:BF:63:83:28,-83
"2023-05-19 11:00:10",d0:e8:d1:e3:45:60,E0:5A:1B:A0:57:0C,-73
"2023-05-19 11:00:07",d1:3e:4f:53:36:2d,E0:5A:1B:A0:2A:28,-82
"2023-05-19 11:00:07",d1:4e:81:83:87:aa,E0:5A:1B:A0:3D:C8,-85
"2023-05-19 11:00:11",d1:86:05:e8:f9:dc,E0:5A:1B:A0:1F:D0,-76
"2023-05-19 11:00:16",d1:86:41:f7:82:d2,CC:50:E3:A8:D9:6C,-85
"2023-05-19 11:00:06",d1:86:41:f7:82:d2,E0:5A:1B:A0:38:C0,-73
"2023-05-19 11:00:07",d1:9a:08:44:c1:45,E0:5A:1B:A0:2A:28,-72
"2023-05-19 11:00:20",d1:ae:89:33:30:8a,3C:71:BF:63:83:28,-78
"2023-05-19 11:00:06",d2:63:7a:92:3e:19,E0:5A:1B:A0:38:C0,-81
"2023-05-19 11:00:16",d2:72:84:35:d9:89,CC:50:E3:A8:D9:6C,-80
"2023-05-19 11:00:07",d2:72:84:35:d9:89,E0:5A:1B:A0:3D:C8,-84
"2023-05-19 11:00:07",d2:85:ac:f7:87:f3,E0:5A:1B:A0:1E:88,-83
"2023-05-19 11:00:16",d2:87:53:7a:8e:4d,CC:50:E3:A8:D9:6C,-79
"2023-05-19 11:00:20",d2:8f:28:21:74:db,3C:71:BF:63:83:28,-80
"2023-05-19 11:00:07",d2:8f:28:21:74:db,E0:5A:1B:A0:2A:28,-82
"2023-05-19 11:00:07",d2:d6:0f:e7:09:b8,E0:5A:1B:A0:37:D8,-84
"2023-05-19 11:00:07",d2:df:59:77:e9:4b,E0:5A:1B:A0:1E:88,-84
"2023-05-19 11:00:20",d2:f3:f4:d3:57:ea,3C:71:BF:63:83:28,-74
"2023-05-19 11:00:20",d3:7f:06:e6:a5:fc,3C:71:BF:63:83:28,-85
"2023-05-19 11:00:07",d3:8c:58:ea:dd:04,E0:5A:1B:A0:3D:C8,-73
"2023-05-19 11:00:06",d3:bf:d8:f6:ee:bd,E0:5A:1B:A0:38:C0,-85
"2023-05-19 11:00:06",d3:f4:63:69:2a:7a,E0:5A:1B:A0:38:C0,-83
"2023-05-19 11:00:07",d3:f4:63:69:2a:7a,E0:5A:1B:A0:3D:C8,-79
"2023-05-19 11:00:20",d4:52:43:bc:b3:6e,3C:71:BF:63:83:28,-79
"2023-05-19 11:00:06",d4:94:0f:72:a7:28,A4:CF:12:43:6A:A0,-83
"2023-05-19 11:00:10",d4:94:0f:72:a7:28,E0:5A:1B:A0:57:0C,-73
"2023-05-19 11:00:07",d4:cd:70:52:69:ff,E0:5A:1B:A0:37:D8,-64
"2023-05-19 11:00:06",d4:cd:70:52:69:ff,E0:5A:1B:A0:40:F8,-81
"2023-05-19 11:00:07",d4:f1:21:b9:02:42,E0:5A:1B:A0:2A:28,-84
"2023-05-19 11:00:10",d5:13:54:c0:93:a2,E0:5A:1B:A0:57:0C,-67
"2023-05-19 11:00:07",d5:18:14:66:14:f4,E0:5A:1B:A0:2A:28,-83
"2023-05-19 11:00:06",d5:4b:97:fb:b0:1e,E0:5A:1B:A0:38:C0,-73
"2023-05-19 11:00:07",d5:56:4b:77:67:50,E0:5A:1B:A0:1E:88,-78
"2023-05-19 11:00:07",d5:6d:4b:1c:73:0b,E0:5A:1B:A0:2A:28,-83
"2023-05-19 11:00:07",d5:70:96:62:c6:16,E0:5A:1B:A0:3D:C8,-81
"2023-05-19 11:00:07",d5:8d:bf:72:a2:a7,E0:5A:1B:A0:37:D8,-78
"2023-05-19 11:00:06",d5:91:09:4e:cf:8e,E0:5A:1B:A0:38:C0,-81
"2023-05-19 11:00:07",d5:c7:ef:5e:88:f8,E0:5A:1B:A0:37:D8,-80
"2023-05-19 11:00:06",d5:c7:ef:5e:88:f8,E0:5A:1B:A0:40:F8,-65
"2023-05-19 11:00:10",d6:3f:2b:bb:66:78,E0:5A:1B:A0:57:0C,-79
"2023-05-19 11:00:07",d6:56:be:87:37:3c,E0:5A:1B:A0:2A:28,-71
"2023-05-19 11:00:06",d7:53:a1:57:50:47,E0:5A:1B:A0:40:F8,-70
"2023-05-19 11:00:07",d7:6c:0e:d5:56:9a,E0:5A:1B:A0:1E:88,-82
"2023-05-19 11:00:07",d7:6c:9c:97:5d:e6,E0:5A:1B:A0:2A:28,-83
"2023-05-19 11:00:06",d7:77:c3:65:8a:9b,E0:5A:1B:A0:40:F8,-72
"2023-05-19 11:00:07",d7:87:9f:50:8c:16,E0:5A:1B:A0:2A:28,-82
"2023-05-19 11:00:15",d7:b5:c8:88:28:17,E0:5A:1B:A0:2F:B8,-80
"2023-05-19 11:00:06",d7:b5:c8:88:28:17,E0:5A:1B:A0:51:9C,-77
"2023-05-19 11:00:07",d7:f2:4b:ff:be:4c,E0:5A:1B:A0:1E:88,-84
"2023-05-19 11:00:06",d8:1b:1d:31:55:05,3C:71:BF:62:C2:B8,-85
"2023-05-19 11:00:07",d8:74:6c:82:50:e8,E0:5A:1B:A0:1E:88,-84
"2023-05-19 11:00:07",d8:78:32:d8:f7:78,E0:5A:1B:A0:3D:C8,-82
"2023-05-19 11:00:07",d8:a1:4c:99:8d:51,E0:5A:1B:A0:2A:28,-85
"2023-05-19 11:00:10",d8:b2:4d:7f:4f:1d,E0:5A:1B:A0:57:0C,-73
"2023-05-19 11:00:07",d8:f5:98:38:cc:52,E0:5A:1B:A0:3D:C8,-84
"2023-05-19 11:00:07",d9:ae:d0:8c:0e:f5,E0:5A:1B:A0:37:D8,-83
"2023-05-19 11:00:06",d9:ae:d0:8c:0e:f5,E0:5A:1B:A0:40:F8,-73
"2023-05-19 11:00:06",d9:ae:d0:8c:0e:f5,E0:5A:1B:A0:51:9C,-78
"2023-05-19 11:00:07",d9:cb:07:44:f2:56,E0:5A:1B:A0:2A:28,-79
"2023-05-19 11:00:16",da:3f:51:e7:5c:ff,CC:50:E3:A8:D9:6C,-81
"2023-05-19 11:00:06",da:3f:51:e7:5c:ff,E0:5A:1B:A0:38:C0,-68
"2023-05-19 11:00:07",da:45:d5:91:03:84,E0:5A:1B:A0:2A:28,-79
"2023-05-19 11:00:07",db:1b:63:69:47:92,E0:5A:1B:A0:2A:28,-77
"2023-05-19 11:00:07",db:46:17:0c:1e:78,E0:5A:1B:A0:3D:C8,-84
"2023-05-19 11:00:15",db:52:89:fe:19:79,E0:5A:1B:A0:2F:B8,-81
"2023-05-19 11:00:06",db:52:89:fe:19:79,E0:5A:1B:A0:51:9C,-77
"2023-05-19 11:00:01",db:ce:a3:63:81:8b,3C:71:BF:64:26:74,-85
"2023-05-19 11:00:10",db:ce:a3:63:81:8b,E0:5A:1B:A0:57:0C,-85
"2023-05-19 11:00:07",db:d5:af:92:f7:c0,E0:5A:1B:A0:3D:C8,-81
"2023-05-19 11:00:07",dc:52:1a:f4:73:72,E0:5A:1B:A0:37:D8,-84
"2023-05-19 11:00:06",dc:52:1a:f4:73:72,E0:5A:1B:A0:40:F8,-70
"2023-05-19 11:00:06",dc:87:d8:93:6a:af,E0:5A:1B:A0:38:C0,-68
"2023-05-19 11:00:16",dc:8c:90:dc:81:69,CC:50:E3:A8:D9:6C,-78
"2023-05-19 11:00:06",dd:3d:ba:00:16:93,E0:5A:1B:A0:38:C0,-80
"2023-05-19 11:00:07",dd:a5:6b:a4:72:b8,E0:5A:1B:A0:2A:28,-84
"2023-05-19 11:00:06",de:05:63:5b:69:f4,A4:CF:12:43:6A:A0,-85
"2023-05-19 11:00:10",de:05:63:5b:69:f4,E0:5A:1B:A0:57:0C,-72
"2023-05-19 11:00:07",de:20:79:b8:2d:22,E0:5A:1B:A0:2A:28,-81
"2023-05-19 11:00:07",de:24:de:27:4b:f8,E0:5A:1B:A0:1E:88,-80
"2023-05-19 11:00:06",de:2f:b5:34:ae:10,3C:71:BF:62:C2:B8,-81
"2023-05-19 11:00:07",de:2f:b5:34:ae:10,E0:5A:1B:A0:2A:28,-83
"2023-05-19 11:00:16",de:70:70:bd:8b:b7,CC:50:E3:A8:D9:6C,-74
"2023-05-19 11:00:16",de:c1:c0:83:9a:93,CC:50:E3:A8:D9:6C,-78
"2023-05-19 11:00:06",de:c1:c0:83:9a:93,E0:5A:1B:A0:38:C0,-83
"2023-05-19 11:00:07",de:c1:c0:83:9a:93,E0:5A:1B:A0:3D:C8,-80
"2023-05-19 11:00:07",df:4c:8e:2b:ee:3b,E0:5A:1B:A0:2A:28,-83
"2023-05-19 11:00:07",df:6e:84:15:de:80,E0:5A:1B:A0:2A:28,-83
"2023-05-19 11:00:15",df:95:8c:1d:f1:d3,E0:5A:1B:A0:2F:B8,-79
"2023-05-19 11:00:07",df:9d:bb:4c:7f:e4,E0:5A:1B:A0:37:D8,-73
"2023-05-19 11:00:16",e0:19:25:b9:40:04,CC:50:E3:A8:D9:6C,-75
"2023-05-19 11:00:06",e0:19:25:b9:40:04,E0:5A:1B:A0:38:C0,-84
"2023-05-19 11:00:16",e0:96:95:d5:0d:47,CC:50:E3:A8:D9:6C,-85
"2023-05-19 11:00:07",e0:96:95:d5:0d:47,E0:5A:1B:A0:3D:C8,-83
"2023-05-19 11:00:06",e0:ea:8f:8c:9a:f0,E0:5A:1B:A0:1A:C0,-83
"2023-05-19 11:00:06",e1:2f:f5:56:31:ca,E0:5A:1B:A0:40:F8,-73
"2023-05-19 11:00:06",e1:2f:f5:56:31:ca,E0:5A:1B:A0:51:9C,-83
"2023-05-19 11:00:06",e1:31:e0:72:ea:41,E0:5A:1B:A0:38:C0,-80
"2023-05-19 11:00:16",e1:b8:12:73:a7:3f,CC:50:E3:A8:D9:6C,-84
"2023-05-19 11:00:06",e1:b8:12:73:a7:3f,E0:5A:1B:A0:38:C0,-83
"2023-05-19 11:00:10",e2:76:d0:1f:62:33,E0:5A:1B:A0:57:0C,-85
"2023-05-19 11:00:06",e2:da:16:3c:26:b8,3C:71:BF:62:C2:B8,-75
"2023-05-19 11:00:06",e2:dc:f7:8c:ae:09,3C:71:BF:62:C2:B8,-84
"2023-05-19 11:00:07",e2:dc:f7:8c:ae:09,E0:5A:1B:A0:2A:28,-81
"2023-05-19 11:00:06",e2:f8:a9:94:d2:95,E0:5A:1B:A0:1A:C0,-84
"2023-05-19 11:00:10",e2:ff:9c:0a:20:04,E0:5A:1B:A0:57:0C,-80
"2023-05-19 11:00:07",e3:0d:ff:1b:45:15,E0:5A:1B:A0:37:D8,-83
"2023-05-19 11:00:06",e3:0d:ff:1b:45:15,E0:5A:1B:A0:40:F8,-72
"2023-05-19 11:00:07",e3:1c:5a:f3:c0:42,E0:5A:1B:A0:2A:28,-79
"2023-05-19 11:00:07",e3:2c:3b:c8:d1:ec,E0:5A:1B:A0:2A:28,-71
"2023-05-19 11:00:07",e3:90:12:2b:f6:e8,E0:5A:1B:A0:2A:28,-85
"2023-05-19 11:00:16",e3:a4:57:bb:3c:28,CC:50:E3:A8:D9:6C,-85
"2023-05-19 11:00:10",e3:bf:1c:53:ee:99,E0:5A:1B:A0:57:0C,-77
"2023-05-19 11:00:06",e4:0d:43:f7:25:7b,3C:71:BF:62:C2:B8,-84
"2023-05-19 11:00:07",e4:0d:43:f7:25:7b,E0:5A:1B:A0:2A:28,-81
"2023-05-19 11:00:07",e4:2b:da:e3:29:67,E0:5A:1B:A0:1E:88,-80
"2023-05-19 11:00:16",e4:6b:24:65:1f:70,CC:50:E3:A8:D9:6C,-81
"2023-05-19 11:00:06",e4:6b:24:65:1f:70,E0:5A:1B:A0:38:C0,-78
"2023-05-19 11:00:07",e4:98:da:2b:fe:e0,E0:5A:1B:A0:2A:28,-84
"2023-05-19 11:00:06",e4:eb:59:3b:a8:1f,E0:5A:1B:A0:38:C0,-84
"2023-05-19 11:00:16",e4:ec:9d:bf:62:92,CC:50:E3:A8:D9:6C,-83
"2023-05-19 11:00:07",e4:fc:80:5e:2d:76,E0:5A:1B:A0:2A:28,-85
"2023-05-19 11:00:10",e5:13:59:aa:36:17,E0:5A:1B:A0:57:0C,-81
"2023-05-19 11:00:06",e5:42:93:77:77:e4,E0:5A:1B:A0:38:C0,-77
"2023-05-19 11:00:07",e5:6f:d3:48:2d:28,E0:5A:1B:A0:37:D8,-83
"2023-05-19 11:00:07",e5:9a:a2:bd:65:7c,E0:5A:1B:A0:3D:C8,-72
"2023-05-19 11:00:16",e5:d8:0e:75:07:dd,CC:50:E3:A8:D9:6C,-84
"2023-05-19 11:00:06",e5:e3:8d:4c:af:e1,E0:5A:1B:A0:38:C0,-78
"2023-05-19 11:00:10",e6:62:5b:1c:a5:7b,E0:5A:1B:A0:57:0C,-75
"2023-05-19 11:00:07",e6:7e:40:99:b3:93,E0:5A:1B:A0:3D:C8,-78
"2023-05-19 11:00:11",e6:8a:33:c0:00:48,E0:5A:1B:A0:1F:D0,-84
"2023-05-19 11:00:07",e6:ad:7b:5b:4d:24,E0:5A:1B:A0:37:D8,-79
"2023-05-19 11:00:06",e6:e6:7d:1d:dd:03,E0:5A:1B:A0:40:F8,-82
"2023-05-19 11:00:06",e6:e6:7d:1d:dd:03,E0:5A:1B:A0:51:9C,-75
"2023-05-19 11:00:07",e7:0d:a9:51:7e:2b,E0:5A:1B:A0:37:D8,-73
"2023-05-19 11:00:06",e7:0d:a9:51:7e:2b,E0:5A:1B:A0:40:F8,-84
"2023-05-19 11:00:10",e7:dc:23:52:13:85,E0:5A:1B:A0:57:0C,-76
"2023-05-19 11:00:06",e8:1e:2a:42:bd:8a,E0:5A:1B:A0:38:C0,-73
"2023-05-19 11:00:06",e8:c6:6d:9e:24:ac,E0:5A:1B:A0:40:F8,-59
"2023-05-19 11:00:07",e8:ee:cc:33:66:f6,E0:5A:1B:A0:3D:C8,-80
"2023-05-19 11:00:10",e9:88:a4:2f:50:6a,E0:5A:1B:A0:57:0C,-81
"2023-05-19 11:00:15",e9:d1:78:5b:8a:de,E0:5A:1B:A0:2F:B8,-82
"2023-05-19 11:00:06",e9:d1:78:5b:8a:de,E0:5A:1B:A0:51:9C,-81
"2023-05-19 11:00:07",ea:bc:85:0b:be:7d,E0:5A:1B:A0:1E:88,-83
"2023-05-19 11:00:07",ea:d8:28:85:67:dc,E0:5A:1B:A0:2A:28,-80
"2023-05-19 11:00:07",ea:e8:07:49:bb:de,E0:5A:1B:A0:37:D8,-49
"2023-05-19 11:00:06",ea:e8:07:49:bb:de,E0:5A:1B:A0:40:F8,-84
"2023-05-19 11:00:07",ea:ee:22:c4:79:8f,E0:5A:1B:A0:1E:88,-83
"2023-05-19 11:00:06",eb:09:0c:0f:f7:24,A4:CF:12:43:6A:A0,-80
"2023-05-19 11:00:10",eb:09:0c:0f:f7:24,E0:5A:1B:A0:57:0C,-84
"2023-05-19 11:00:06",eb:3d:47:f3:31:f2,E0:5A:1B:A0:40:F8,-84
"2023-05-19 11:00:06",eb:3d:47:f3:31:f2,E0:5A:1B:A0:51:9C,-75
"2023-05-19 11:00:06",eb:43:e8:da:90:e0,3C:71:BF:62:C2:B8,-64
"2023-05-19 11:00:06",eb:71:63:a8:9c:05,E0:5A:1B:A0:38:C0,-84
"2023-05-19 11:00:16",eb:74:43:d2:f4:c0,CC:50:E3:A8:D9:6C,-82
"2023-05-19 11:00:07",eb:bb:50:cf:46:b0,E0:5A:1B:A0:37:D8,-71
"2023-05-19 11:00:06",eb:bd:7a:a6:4f:4a,E0:5A:1B:A0:38:C0,-83
"2023-05-19 11:00:06",eb:e8:5a:7a:bc:f0,E0:5A:1B:A0:40:F8,-79
"2023-05-19 11:00:06",ec:de:ac:a5:40:95,80:7D:3A:BC:C6:30,-85
"2023-05-19 11:00:07",ec:de:ac:a5:40:95,E0:5A:1B:A0:1E:88,-83
"2023-05-19 11:00:11",ec:ff:cb:34:9b:12,E0:5A:1B:A0:1F:D0,-79
"2023-05-19 11:00:07",ed:69:2c:96:f9:94,E0:5A:1B:A0:37:D8,-76
"2023-05-19 11:00:06",ed:69:2c:96:f9:94,E0:5A:1B:A0:40:F8,-66
"2023-05-19 11:00:16",ed:73:d9:92:90:b7,CC:50:E3:A8:D9:6C,-84
"2023-05-19 11:00:06",ed:7b:3a:0b:e4:1e,3C:71:BF:62:C2:B8,-84
"2023-05-19 11:00:10",ed:aa:5e:e6:94:b2,E0:5A:1B:A0:57:0C,-73
"2023-05-19 11:00:06",ee:12:4d:c1:7e:ea,3C:71:BF:62:C2:B8,-81
"2023-05-19 11:00:06",ee:1f:82:f7:f1:c6,E0:5A:1B:A0:38:C0,-83
"2023-05-19 11:00:06",ee:27:90:f4:29:4a,E0:5A:1B:A0:38:C0,-84
"2023-05-19 11:00:07",ee:27:90:f4:29:4a,E0:5A:1B:A0:3D:C8,-80
"2023-05-19 11:00:06",ee:cd:5c:92:49:ec,E0:5A:1B:A0:38:C0,-78
"2023-05-19 11:00:16",ef:15:8f:58:3a:ee,CC:50:E3:A8:D9:6C,-75
"2023-05-19 11:00:10",ef:89:4b:57:f6:62,E0:5A:1B:A0:57:0C,-82
"2023-05-19 11:00:06",ef:9d:f0:4e:8b:3d,E0:5A:1B:A0:40:F8,-81
"2023-05-19 11:00:07",ef:f5:49:d8:38:20,E0:5A:1B:A0:3D:C8,-79
"2023-05-19 11:00:06",f0:44:cd:67:6a:91,3C:71:BF:62:C2:B8,-75
"2023-05-19 11:00:07",f0:44:cd:67:6a:91,E0:5A:1B:A0:2A:28,-77
"2023-05-19 11:00:06",f0:db:76:7c:3e:1c,3C:71:BF:62:C2:B8,-80
"2023-05-19 11:00:07",f0:db:76:7c:3e:1c,E0:5A:1B:A0:1E:88,-81
"2023-05-19 11:00:06",f0:ef:82:82:17:9c,E0:5A:1B:A0:38:C0,-81
"2023-05-19 11:00:16",f1:3e:15:3e:6d:1e,CC:50:E3:A8:D9:6C,-77
"2023-05-19 11:00:06",f1:3e:15:3e:6d:1e,E0:5A:1B:A0:38:C0,-81
"2023-05-19 11:00:06",f1:6e:c3:99:ab:30,E0:5A:1B:A0:51:9C,-49
"2023-05-19 11:00:16",f2:0c:d3:5e:d6:3d,CC:50:E3:A8:D9:6C,-81
"2023-05-19 11:00:06",f2:0c:d3:5e:d6:3d,E0:5A:1B:A0:38:C0,-74
"2023-05-19 11:00:07",f2:17:fc:62:9e:1e,E0:5A:1B:A0:37:D8,-84
"2023-05-19 11:00:06",f2:17:fc:62:9e:1e,E0:5A:1B:A0:40:F8,-63
"2023-05-19 11:00:07",f2:1f:54:90:be:e8,E0:5A:1B:A0:37:D8,-75
"2023-05-19 11:00:07",f2:61:e4:b0:8f:85,E0:5A:1B:A0:37:D8,-71
"2023-05-19 11:00:06",f2:61:e4:b0:8f:85,E0:5A:1B:A0:40:F8,-80
"2023-05-19 11:00:06",f2:6c:74:ad:c1:52,E0:5A:1B:A0:38:C0,-70
"2023-05-19 11:00:15",f3:33:7c:27:83:5b,E0:5A:1B:A0:2F:B8,-74
"2023-05-19 11:00:07",f3:3a:15:28:73:c7,E0:5A:1B:A0:2A:28,-81
"2023-05-19 11:00:10",f3:3c:04:a1:f3:22,E0:5A:1B:A0:57:0C,-79
"2023-05-19 11:00:07",f3:c4:4f:43:d5:d8,E0:5A:1B:A0:2A:28,-83
"2023-05-19 11:00:07",f3:e3:38:7e:c9:1a,E0:5A:1B:A0:3D:C8,-72
"2023-05-19 11:00:07",f4:2b:0f:4f:b9:6e,E0:5A:1B:A0:37:D8,-74
"2023-05-19 11:00:06",f4:2b:0f:4f:b9:6e,E0:5A:1B:A0:40:F8,-67
"2023-05-19 11:00:06",f4:2b:0f:4f:b9:6e,E0:5A:1B:A0:51:9C,-81
"2023-05-19 11:00:07",f4:56:d8:c6:f1:11,E0:5A:1B:A0:1E:88,-77
"2023-05-19 11:00:07",f4:66:33:8d:42:f3,E0:5A:1B:A0:2A:28,-83
"2023-05-19 11:00:07",f5:84:7e:a2:4c:07,E0:5A:1B:A0:1E:88,-85
"2023-05-19 11:00:07",f5:ae:1b:ef:79:3e,E0:5A:1B:A0:3D:C8,-79
"2023-05-19 11:00:07",f6:3e:5d:ca:c3:ef,E0:5A:1B:A0:1E:88,-81
"2023-05-19 11:00:07",f6:74:c0:bf:7b:df,E0:5A:1B:A0:3D:C8,-69
"2023-05-19 11:00:11",f6:e9:9b:53:b8:48,E0:5A:1B:A0:1F:D0,-74
"2023-05-19 11:00:06",f6:e9:9b:53:b8:48,E0:5A:1B:A0:51:9C,-82
"2023-05-19 11:00:07",f6:fa:76:b2:0b:e2,E0:5A:1B:A0:37:D8,-76
"2023-05-19 11:00:06",f6:fa:76:b2:0b:e2,E0:5A:1B:A0:40:F8,-84
"2023-05-19 11:00:07",f7:44:7e:1a:25:ab,E0:5A:1B:A0:2A:28,-80
"2023-05-19 11:00:15",f7:84:b8:57:36:94,E0:5A:1B:A0:2F:B8,-72
"2023-05-19 11:00:16",f7:a7:58:64:b5:b5,CC:50:E3:A8:D9:6C,-85
"2023-05-19 11:00:16",f7:b1:ce:25:14:cf,CC:50:E3:A8:D9:6C,-82
"2023-05-19 11:00:07",f7:b1:ce:25:14:cf,E0:5A:1B:A0:3D:C8,-83
"2023-05-19 11:00:16",f7:ea:85:ca:6b:3c,CC:50:E3:A8:D9:6C,-79
"2023-05-19 11:00:15",f7:f5:32:b0:eb:9f,E0:5A:1B:A0:2F:B8,-80
"2023-05-19 11:00:15",f8:e4:4f:77:53:d9,E0:5A:1B:A0:2F:B8,-66
"2023-05-19 11:00:07",f9:1e:69:31:cb:c0,E0:5A:1B:A0:1E:88,-81
"2023-05-19 11:00:07",f9:28:e3:aa:68:39,E0:5A:1B:A0:2A:28,-83
"2023-05-19 11:00:06",f9:88:2b:84:8e:34,3C:71:BF:62:C2:B8,-85
"2023-05-19 11:00:07",f9:88:2b:84:8e:34,E0:5A:1B:A0:2A:28,-81
"2023-05-19 11:00:06",fa:28:16:e6:93:e3,E0:5A:1B:A0:38:C0,-83
"2023-05-19 11:00:07",fa:28:16:e6:93:e3,E0:5A:1B:A0:3D:C8,-85
"2023-05-19 11:00:10",fa:90:0d:16:f2:18,E0:5A:1B:A0:57:0C,-83
"2023-05-19 11:00:07",fb:b2:0b:10:99:8e,E0:5A:1B:A0:3D:C8,-75
"2023-05-19 11:00:06",fb:e2:22:88:14:8a,3C:71:BF:62:C2:B8,-76
"2023-05-19 11:00:06",fc:49:cc:96:ba:26,3C:71:BF:62:C2:B8,-83
"2023-05-19 11:00:06",fc:49:cc:96:ba:26,80:7D:3A:BC:C6:30,-82
"2023-05-19 11:00:07",fc:49:cc:96:ba:26,E0:5A:1B:A0:1E:88,-81
"2023-05-19 11:00:07",fc:a7:19:3e:8d:fb,E0:5A:1B:A0:37:D8,-84
"2023-05-19 11:00:06",fc:a7:19:3e:8d:fb,E0:5A:1B:A0:40:F8,-80
"2023-05-19 11:00:06",fd:ad:38:4f:c2:85,A4:CF:12:43:6A:A0,-76
"2023-05-19 11:00:10",fd:ad:38:4f:c2:85,E0:5A:1B:A0:57:0C,-84
"2023-05-19 11:00:07",fe:25:a0:87:f1:34,E0:5A:1B:A0:37:D8,-79
"2023-05-19 11:00:06",fe:25:a0:87:f1:34,E0:5A:1B:A0:40:F8,-80
"2023-05-19 11:00:06",fe:47:62:b9:95:1c,E0:5A:1B:A0:38:C0,-77
"2023-05-19 11:00:07",fe:47:62:b9:95:1c,E0:5A:1B:A0:3D:C8,-76
"2023-05-19 11:00:16",ff:6f:4d:40:71:e5,CC:50:E3:A8:D9:6C,-85
"2023-05-19 11:00:06",ff:92:ab:70:b2:bf,3C:71:BF:62:C2:B8,-78
"2023-05-19 11:00:07",ff:d8:2e:1b:dd:e0,E0:5A:1B:A0:1E:88,-81
